cliente_id,segmento,meses_cliente,qtd_produtos,retorno_12m_pct,freq_contato_mes,saldo_bi,churn
CLI00000,Varejo,125,6,7.89,4,1.7262,1
CLI00001,Wealth,7,6,7.17,7,0.1693,0
CLI00002,Alta Renda,29,6,9.69,0,0.0974,0
CLI00003,Varejo,139,1,11.86,2,0.5976,0
CLI00004,Varejo,33,2,5.7,2,0.1295,0
CLI00005,Varejo,134,1,17.32,2,0.0495,1
CLI00006,Varejo,111,5,14.34,4,0.0819,1
CLI00007,Alta Renda,79,4,9.97,0,0.2481,0
CLI00008,Varejo,58,6,7.71,1,0.0921,0
CLI00009,Alta Renda,26,2,11.13,3,0.1015,0
CLI00010,Varejo,29,3,15.28,2,0.0435,0
CLI00011,Wealth,4,8,14.63,3,1.0682,0
CLI00012,Alta Renda,99,3,15.95,4,0.1059,0
CLI00013,Varejo,141,4,9.48,6,0.0655,0
CLI00014,Varejo,39,2,-0.78,2,0.0753,1
CLI00015,Varejo,15,1,16.74,2,0.4692,0
CLI00016,Varejo,119,1,10.8,3,0.3482,0
CLI00017,Varejo,29,5,14.3,4,0.0861,1
CLI00018,Varejo,75,5,18.51,3,0.1724,0
CLI00019,Varejo,116,1,21.72,3,0.2369,1
CLI00020,Varejo,32,3,8.77,3,0.0662,0
CLI00021,Varejo,130,8,12.06,2,0.0223,0
CLI00022,Varejo,84,6,17.24,5,0.3229,1
CLI00023,Varejo,22,3,7.95,2,0.0711,1
CLI00024,Varejo,27,8,9.06,1,0.293,0
CLI00025,Alta Renda,81,5,9.03,3,0.2509,0
CLI00026,Varejo,126,4,11.38,4,0.1777,0
CLI00027,Varejo,92,8,10.58,2,0.095,0
CLI00028,Varejo,21,1,9.01,2,0.0725,1
CLI00029,Varejo,47,5,7.44,2,0.0376,1
CLI00030,Varejo,101,5,14.91,3,0.0743,1
CLI00031,Varejo,84,6,17.12,1,0.3463,0
CLI00032,Varejo,6,1,17.73,2,1.0173,0
CLI00033,Wealth,131,6,9.48,0,0.8407,0
CLI00034,Wealth,1,1,15.09,2,0.1997,0
CLI00035,Alta Renda,58,6,12.49,2,1.0166,1
CLI00036,Varejo,124,8,9.1,1,0.1109,0
CLI00037,Varejo,15,3,14.58,4,0.0309,0
CLI00038,Alta Renda,64,4,8.91,2,2.008,0
CLI00039,Varejo,25,4,9.92,1,0.3304,0
CLI00040,Varejo,24,1,5.72,4,0.0225,1
CLI00041,Varejo,12,2,9.55,1,1.2545,0
CLI00042,Varejo,18,7,12.57,4,0.0629,0
CLI00043,Wealth,15,5,18.09,0,0.0834,0
CLI00044,Varejo,27,5,10.02,4,0.6236,0
CLI00045,Alta Renda,72,1,7.14,2,0.9707,0
CLI00046,Varejo,60,8,17.79,6,0.045,0
CLI00047,Varejo,93,6,9.38,2,1.1188,0
CLI00048,Varejo,53,2,4.16,2,0.515,0
CLI00049,Varejo,8,3,12.06,1,0.0584,1
CLI00050,Wealth,79,6,10.14,1,0.1201,0
CLI00051,Alta Renda,27,6,21.16,2,1.1865,0
CLI00052,Wealth,50,1,13.5,1,0.0217,0
CLI00053,Wealth,131,1,10.89,5,0.9949,0
CLI00054,Varejo,93,8,7.62,3,0.4967,0
CLI00055,Wealth,24,5,12.89,1,0.3204,0
CLI00056,Varejo,60,1,17.62,0,0.1962,1
CLI00057,Varejo,122,1,12.81,3,2.1408,0
CLI00058,Varejo,131,1,7.94,2,2.5943,1
CLI00059,Varejo,46,8,13.76,2,0.0743,0
CLI00060,Varejo,15,5,11.3,1,0.3664,0
CLI00061,Varejo,17,3,13.38,7,1.8902,0
CLI00062,Alta Renda,126,3,10.01,2,0.0596,0
CLI00063,Varejo,84,7,9.91,4,0.2267,1
CLI00064,Varejo,9,7,9.75,6,0.6096,1
CLI00065,Varejo,63,1,15.46,3,0.012,0
CLI00066,Varejo,117,7,9.95,0,0.4854,0
CLI00067,Alta Renda,130,5,9.57,2,0.0402,1
CLI00068,Varejo,88,8,7.54,1,0.2123,0
CLI00069,Corporate,72,3,13.41,1,0.7317,0
CLI00070,Alta Renda,139,6,12.81,1,0.0074,0
CLI00071,Varejo,64,3,9.62,4,0.4591,0
CLI00072,Varejo,72,3,8.52,4,2.3392,0
CLI00073,Alta Renda,21,5,19.38,6,0.0826,0
CLI00074,Alta Renda,18,7,3.6,1,0.3498,0
CLI00075,Alta Renda,64,6,13.57,5,0.9379,0
CLI00076,Alta Renda,82,5,16.92,7,0.0208,0
CLI00077,Varejo,110,1,-2.72,2,0.4425,0
CLI00078,Varejo,95,8,14.84,2,0.6256,0
CLI00079,Varejo,32,4,10.57,1,0.3792,0
CLI00080,Alta Renda,11,3,12.58,3,0.185,0
CLI00081,Varejo,45,4,10.14,4,0.045,0
CLI00082,Varejo,33,8,16.02,3,1.0089,0
CLI00083,Varejo,102,8,13.03,2,0.1729,1
CLI00084,Varejo,136,5,12.05,2,0.051,0
CLI00085,Varejo,11,5,7.72,1,0.1093,1
CLI00086,Alta Renda,88,5,19.41,1,0.2668,0
CLI00087,Varejo,41,4,11.54,4,0.0217,0
CLI00088,Alta Renda,76,5,21.12,5,0.1692,0
CLI00089,Varejo,121,8,19.6,1,0.0961,0
CLI00090,Varejo,46,1,4.03,5,0.9388,0
CLI00091,Alta Renda,80,5,8.75,0,0.0144,0
CLI00092,Alta Renda,54,2,7.14,4,0.5601,0
CLI00093,Varejo,86,7,11.3,4,1.0431,0
CLI00094,Alta Renda,92,4,12.29,5,0.0152,0
CLI00095,Varejo,97,2,12.47,1,0.0177,1
CLI00096,Varejo,2,5,15.93,5,1.6848,0
CLI00097,Varejo,33,8,17.77,2,0.051,0
CLI00098,Varejo,77,1,15.56,1,9.2376,1
CLI00099,Varejo,116,3,9.14,7,0.0158,0
CLI00100,Varejo,103,6,8.22,1,0.2062,0
CLI00101,Varejo,103,7,11.51,3,0.1603,0
CLI00102,Varejo,90,6,13.29,5,0.1261,0
CLI00103,Varejo,122,5,10.73,3,0.3018,0
CLI00104,Wealth,143,7,5.85,0,0.3253,0
CLI00105,Varejo,106,7,14.36,3,0.1329,0
CLI00106,Varejo,119,1,9.85,2,0.0442,1
CLI00107,Alta Renda,49,7,9.73,1,0.6454,0
CLI00108,Varejo,104,4,11.27,2,0.374,0
CLI00109,Varejo,61,2,10.49,8,0.1919,0
CLI00110,Varejo,123,2,9.96,5,0.3589,0
CLI00111,Varejo,134,2,6.12,0,0.4492,1
CLI00112,Wealth,9,4,11.03,1,0.0614,0
CLI00113,Alta Renda,6,6,14.45,2,0.3426,0
CLI00114,Varejo,73,1,12.61,2,0.0805,1
CLI00115,Alta Renda,103,7,15.48,2,0.4689,1
CLI00116,Alta Renda,41,4,8.44,2,0.1287,0
CLI00117,Varejo,114,2,6.13,0,0.3661,0
CLI00118,Wealth,8,5,10.47,8,0.094,1
CLI00119,Varejo,72,3,8.92,3,0.3917,0
CLI00120,Alta Renda,92,7,9.36,3,0.0463,0
CLI00121,Wealth,62,4,12.39,3,0.1733,0
CLI00122,Varejo,84,8,9.39,2,0.5915,0
CLI00123,Varejo,62,4,6.25,4,0.3034,0
CLI00124,Varejo,111,1,9.15,5,0.2122,0
CLI00125,Varejo,127,1,12.93,5,1.724,1
CLI00126,Alta Renda,7,4,14.32,9,0.6255,0
CLI00127,Alta Renda,84,2,14.28,3,0.5027,0
CLI00128,Varejo,132,3,13.28,7,0.3888,0
CLI00129,Varejo,134,7,10.79,2,0.4573,0
CLI00130,Varejo,58,1,13.2,3,1.4251,0
CLI00131,Varejo,22,7,11.32,1,0.096,0
CLI00132,Varejo,127,2,11.98,4,0.614,0
CLI00133,Varejo,3,7,7.55,2,0.2627,1
CLI00134,Wealth,127,5,11.68,3,0.1005,0
CLI00135,Varejo,41,1,13.09,3,0.1452,1
CLI00136,Varejo,106,2,12.93,3,0.2198,0
CLI00137,Alta Renda,14,2,6.09,2,0.054,0
CLI00138,Varejo,12,3,11.9,4,0.5082,0
CLI00139,Corporate,87,3,5.44,2,0.1446,0
CLI00140,Wealth,12,5,12.23,3,0.1846,0
CLI00141,Varejo,141,2,8.55,2,0.965,0
CLI00142,Varejo,25,6,18.66,2,0.1957,0
CLI00143,Varejo,45,2,12.0,4,1.2442,1
CLI00144,Varejo,122,3,14.86,4,0.0836,1
CLI00145,Varejo,55,6,20.37,7,0.0397,0
CLI00146,Varejo,100,1,8.07,0,0.1134,1
CLI00147,Varejo,136,1,13.33,2,0.0043,0
CLI00148,Varejo,119,7,6.52,1,0.5366,0
CLI00149,Varejo,53,4,12.95,4,0.0428,0
CLI00150,Wealth,32,3,18.92,1,0.0741,0
CLI00151,Varejo,51,4,8.86,2,0.4194,0
CLI00152,Varejo,44,6,7.78,1,0.193,0
CLI00153,Varejo,82,3,11.12,4,0.0932,0
CLI00154,Corporate,37,5,20.09,6,0.0117,0
CLI00155,Varejo,96,2,14.74,0,0.8968,0
CLI00156,Alta Renda,56,5,7.7,0,0.4232,1
CLI00157,Alta Renda,105,6,17.61,2,2.3927,0
CLI00158,Varejo,59,3,4.55,4,0.0761,1
CLI00159,Alta Renda,131,8,20.47,5,0.025,0
CLI00160,Varejo,35,6,15.1,2,0.6024,0
CLI00161,Varejo,93,8,18.91,3,0.1294,1
CLI00162,Varejo,97,2,4.58,3,0.374,0
CLI00163,Varejo,135,1,12.21,1,1.3578,0
CLI00164,Varejo,76,1,10.94,5,0.2738,1
CLI00165,Alta Renda,49,6,7.27,1,0.2055,0
CLI00166,Varejo,94,4,6.06,6,0.2229,0
CLI00167,Varejo,24,3,13.63,2,0.0197,0
CLI00168,Varejo,37,3,14.01,1,0.698,1
CLI00169,Varejo,4,1,16.96,3,0.7586,1
CLI00170,Alta Renda,108,7,9.39,1,0.3295,0
CLI00171,Varejo,126,5,10.91,4,0.0231,0
CLI00172,Varejo,20,7,5.69,1,0.1412,0
CLI00173,Varejo,50,2,17.97,2,1.0726,0
CLI00174,Varejo,96,5,11.79,1,0.0792,0
CLI00175,Varejo,105,5,14.53,2,0.7707,0
CLI00176,Alta Renda,117,6,14.68,3,0.1776,0
CLI00177,Varejo,98,1,17.63,6,0.4174,0
CLI00178,Wealth,66,7,8.01,2,0.0967,0
CLI00179,Varejo,79,7,14.43,4,0.1845,0
CLI00180,Varejo,6,1,11.39,1,0.2916,1
CLI00181,Varejo,39,7,20.34,0,0.0404,1
CLI00182,Wealth,115,8,8.0,1,0.236,0
CLI00183,Alta Renda,125,1,16.42,3,0.005,0
CLI00184,Varejo,12,6,12.97,3,0.0756,0
CLI00185,Alta Renda,131,4,12.75,3,0.3352,0
CLI00186,Alta Renda,18,5,11.73,4,0.7092,0
CLI00187,Varejo,40,6,17.16,3,0.3056,0
CLI00188,Varejo,21,3,12.61,4,0.0271,1
CLI00189,Varejo,143,2,5.1,4,0.633,0
CLI00190,Varejo,99,4,16.62,3,0.0376,0
CLI00191,Wealth,26,3,15.85,5,0.3673,0
CLI00192,Wealth,8,5,13.97,4,0.0393,0
CLI00193,Varejo,100,7,6.76,1,0.0605,0
CLI00194,Varejo,87,1,7.41,1,0.0477,0
CLI00195,Varejo,42,5,3.61,1,0.198,0
CLI00196,Alta Renda,14,6,13.43,2,0.1282,0
CLI00197,Wealth,78,2,5.83,2,0.3203,0
CLI00198,Alta Renda,2,6,4.28,3,0.1613,0
CLI00199,Alta Renda,119,4,16.85,3,0.023,0
CLI00200,Varejo,37,4,14.73,3,0.2366,0
CLI00201,Varejo,69,2,10.1,3,0.0167,0
CLI00202,Varejo,41,8,10.94,2,0.0524,0
CLI00203,Wealth,62,3,1.39,4,0.103,0
CLI00204,Varejo,60,3,15.35,2,0.0941,1
CLI00205,Varejo,125,4,8.59,2,0.0194,0
CLI00206,Varejo,111,4,12.89,4,0.9827,0
CLI00207,Alta Renda,14,7,1.05,3,1.4083,0
CLI00208,Varejo,84,1,15.61,4,3.0833,1
CLI00209,Varejo,130,7,8.34,2,0.7349,0
CLI00210,Varejo,70,7,5.72,4,0.0989,1
CLI00211,Alta Renda,123,8,10.07,3,0.0967,0
CLI00212,Alta Renda,89,3,9.0,2,0.09,0
CLI00213,Varejo,28,8,16.01,5,2.1844,0
CLI00214,Alta Renda,66,8,9.73,2,0.1422,0
CLI00215,Varejo,5,2,17.22,1,0.8607,0
CLI00216,Varejo,45,3,12.89,2,0.7779,0
CLI00217,Alta Renda,47,1,15.26,2,0.2115,0
CLI00218,Varejo,31,6,11.49,6,0.025,0
CLI00219,Alta Renda,139,4,16.84,2,0.1463,1
CLI00220,Alta Renda,10,4,6.65,3,0.2001,0
CLI00221,Varejo,118,1,11.98,3,0.8705,0
CLI00222,Varejo,14,8,9.83,4,0.1695,0
CLI00223,Varejo,80,7,17.37,2,0.0343,1
CLI00224,Varejo,93,2,17.8,2,0.5971,0
CLI00225,Varejo,10,8,11.5,3,0.123,1
CLI00226,Corporate,76,4,6.08,4,0.006,0
CLI00227,Varejo,94,5,13.29,4,0.2522,0
CLI00228,Wealth,105,7,4.51,6,0.317,0
CLI00229,Varejo,1,4,18.33,1,0.0553,1
CLI00230,Alta Renda,133,5,9.51,3,0.1288,0
CLI00231,Varejo,20,8,11.37,1,0.3887,0
CLI00232,Varejo,8,1,8.64,3,0.2544,1
CLI00233,Varejo,1,1,7.71,3,0.0217,0
CLI00234,Varejo,57,7,14.6,3,0.8433,0
CLI00235,Alta Renda,64,4,10.83,1,1.5193,1
CLI00236,Varejo,118,3,11.68,1,0.0852,0
CLI00237,Varejo,28,5,7.28,2,0.0138,0
CLI00238,Varejo,121,2,15.1,2,0.4504,0
CLI00239,Varejo,107,4,15.52,2,0.0689,0
CLI00240,Wealth,49,2,10.62,3,0.3316,0
CLI00241,Wealth,120,4,16.83,0,2.8945,0
CLI00242,Wealth,44,3,11.06,0,0.0221,0
CLI00243,Varejo,56,3,14.77,3,0.0587,1
CLI00244,Varejo,111,7,4.68,2,0.1284,0
CLI00245,Wealth,134,7,12.98,5,0.8862,0
CLI00246,Varejo,108,3,10.36,4,16.8155,0
CLI00247,Wealth,114,6,12.15,1,0.2279,0
CLI00248,Wealth,78,3,11.96,3,0.0198,0
CLI00249,Alta Renda,130,1,12.03,6,0.1055,0
CLI00250,Varejo,37,1,14.09,3,0.0604,0
CLI00251,Varejo,20,6,9.13,1,0.4223,0
CLI00252,Alta Renda,26,8,13.89,4,0.2698,0
CLI00253,Varejo,29,5,16.68,6,0.0427,0
CLI00254,Varejo,1,8,5.58,2,0.0559,0
CLI00255,Varejo,119,2,8.22,3,0.1035,0
CLI00256,Wealth,35,8,8.4,4,0.1211,0
CLI00257,Alta Renda,59,4,6.91,0,0.1565,0
CLI00258,Varejo,69,8,9.51,1,0.1761,0
CLI00259,Varejo,12,4,15.84,1,0.8231,0
CLI00260,Varejo,20,6,17.58,1,0.0988,0
CLI00261,Corporate,43,1,11.95,1,0.0815,0
CLI00262,Varejo,126,7,10.14,4,0.029,0
CLI00263,Varejo,50,4,14.87,1,0.1236,0
CLI00264,Alta Renda,29,1,1.57,1,0.2306,0
CLI00265,Alta Renda,39,5,7.07,3,0.0176,0
CLI00266,Alta Renda,38,2,1.75,3,0.1059,1
CLI00267,Alta Renda,84,5,7.02,1,0.7471,0
CLI00268,Varejo,128,6,8.28,3,0.384,1
CLI00269,Varejo,126,8,17.71,4,0.2686,1
CLI00270,Alta Renda,45,8,-0.1,3,0.3707,1
CLI00271,Alta Renda,52,3,9.75,3,0.0784,0
CLI00272,Alta Renda,80,3,14.1,5,0.0659,0
CLI00273,Wealth,124,3,13.23,2,0.8637,0
CLI00274,Varejo,119,5,17.64,1,0.4854,0
CLI00275,Varejo,8,4,12.18,1,0.0627,1
CLI00276,Alta Renda,85,2,13.07,3,0.0144,0
CLI00277,Varejo,129,3,3.78,2,0.0644,0
CLI00278,Alta Renda,8,6,7.35,6,0.3351,0
CLI00279,Alta Renda,96,6,4.01,0,0.0702,1
CLI00280,Wealth,102,3,13.9,3,0.2539,0
CLI00281,Varejo,5,8,12.96,3,1.0468,0
CLI00282,Varejo,86,3,12.82,5,0.1465,0
CLI00283,Varejo,34,2,7.8,1,0.2241,1
CLI00284,Varejo,55,3,7.41,2,0.4027,0
CLI00285,Varejo,119,2,12.38,2,0.0405,0
CLI00286,Varejo,114,6,8.69,3,0.0605,0
CLI00287,Varejo,26,3,7.21,3,0.4249,0
CLI00288,Varejo,136,5,9.36,2,0.1734,0
CLI00289,Varejo,47,7,8.72,3,0.1936,0
CLI00290,Varejo,113,5,7.86,2,0.1726,0
CLI00291,Varejo,76,6,6.35,2,0.5897,0
CLI00292,Alta Renda,72,2,13.38,4,0.2912,0
CLI00293,Varejo,89,5,18.04,2,0.2963,0
CLI00294,Varejo,46,2,11.34,5,0.8097,0
CLI00295,Varejo,33,5,12.43,1,1.3345,0
CLI00296,Alta Renda,1,5,13.75,3,3.0547,0
CLI00297,Varejo,31,2,13.04,1,0.0779,1
CLI00298,Varejo,142,4,7.94,3,4.0969,0
CLI00299,Varejo,53,5,18.72,3,0.0397,0
CLI00300,Varejo,48,3,8.32,3,2.0459,0
CLI00301,Varejo,69,7,14.22,1,0.0725,0
CLI00302,Varejo,105,6,13.73,3,0.1511,0
CLI00303,Varejo,90,4,3.27,1,0.1693,0
CLI00304,Alta Renda,63,2,9.99,4,0.0536,0
CLI00305,Corporate,73,4,11.74,0,0.185,0
CLI00306,Varejo,89,1,12.06,4,0.0573,0
CLI00307,Varejo,13,1,12.77,3,0.0332,0
CLI00308,Alta Renda,73,5,14.68,2,0.1572,0
CLI00309,Varejo,77,5,11.47,2,1.3058,0
CLI00310,Varejo,68,3,12.99,4,0.1188,0
CLI00311,Varejo,98,7,11.31,2,0.5618,0
CLI00312,Varejo,125,6,7.23,4,0.0551,1
CLI00313,Wealth,102,4,11.64,2,0.0312,0
CLI00314,Alta Renda,132,1,14.65,5,0.2982,0
CLI00315,Alta Renda,102,5,16.16,3,1.6198,0
CLI00316,Varejo,19,8,13.76,5,0.2169,0
CLI00317,Varejo,82,8,17.1,2,0.4842,0
CLI00318,Varejo,141,6,13.26,0,1.1545,0
CLI00319,Varejo,23,4,15.13,2,0.1576,0
CLI00320,Varejo,83,5,15.44,3,0.1356,0
CLI00321,Alta Renda,109,5,10.56,3,0.3054,0
CLI00322,Alta Renda,75,1,14.55,1,0.3848,0
CLI00323,Varejo,129,1,7.55,6,0.0268,1
CLI00324,Wealth,88,5,12.97,8,0.2428,0
CLI00325,Alta Renda,54,2,13.92,0,0.1652,1
CLI00326,Varejo,89,5,15.91,2,0.0592,0
CLI00327,Varejo,143,6,14.95,0,0.151,0
CLI00328,Varejo,65,5,15.97,4,0.0363,0
CLI00329,Varejo,76,3,11.08,4,0.0232,0
CLI00330,Varejo,143,7,10.05,4,0.1803,0
CLI00331,Alta Renda,60,3,10.35,2,0.534,0
CLI00332,Varejo,93,3,12.62,5,0.1052,0
CLI00333,Varejo,49,2,3.9,5,0.0474,0
CLI00334,Varejo,35,2,17.09,2,0.058,0
CLI00335,Varejo,102,8,11.68,1,0.3374,0
CLI00336,Alta Renda,11,5,9.76,3,1.4443,0
CLI00337,Alta Renda,99,3,0.88,6,0.45,0
CLI00338,Varejo,110,2,11.35,4,0.8968,1
CLI00339,Varejo,74,1,10.67,2,0.0423,0
CLI00340,Varejo,9,5,7.73,2,0.1502,0
CLI00341,Varejo,3,6,8.67,3,0.6214,0
CLI00342,Varejo,85,7,11.39,5,0.0268,0
CLI00343,Varejo,26,4,9.03,0,0.0702,1
CLI00344,Varejo,72,5,13.9,1,0.5625,0
CLI00345,Varejo,48,4,8.36,4,0.2313,0
CLI00346,Varejo,117,3,12.15,1,0.0471,0
CLI00347,Varejo,12,7,16.46,1,0.0198,0
CLI00348,Varejo,133,4,11.35,3,0.9404,0
CLI00349,Varejo,48,3,13.0,4,0.0115,0
CLI00350,Varejo,37,1,12.73,4,0.3761,0
CLI00351,Alta Renda,44,4,11.53,0,0.0827,0
CLI00352,Alta Renda,15,7,11.22,2,0.6448,0
CLI00353,Varejo,43,8,9.1,4,0.0426,1
CLI00354,Varejo,87,5,12.13,3,4.9493,0
CLI00355,Varejo,70,3,10.31,3,0.2789,1
CLI00356,Varejo,46,5,17.99,1,0.3455,0
CLI00357,Varejo,108,7,14.91,4,0.0605,1
CLI00358,Wealth,123,2,5.4,1,0.139,0
CLI00359,Varejo,21,3,5.63,4,0.1437,0
CLI00360,Varejo,107,4,10.95,1,1.7073,0
CLI00361,Varejo,80,3,9.84,1,0.2782,0
CLI00362,Varejo,47,5,10.73,1,0.3352,0
CLI00363,Varejo,117,1,14.23,0,0.3304,0
CLI00364,Wealth,124,3,12.83,0,0.3743,0
CLI00365,Varejo,143,4,12.78,1,0.0272,1
CLI00366,Wealth,25,2,17.57,2,2.3727,0
CLI00367,Wealth,36,8,5.67,2,0.0528,0
CLI00368,Varejo,51,6,11.94,0,0.1572,1
CLI00369,Varejo,15,1,9.07,3,1.2104,1
CLI00370,Varejo,68,8,17.53,2,2.0442,0
CLI00371,Varejo,21,2,2.22,4,0.4713,0
CLI00372,Varejo,141,3,2.4,1,0.0858,1
CLI00373,Alta Renda,19,5,12.78,1,0.1952,0
CLI00374,Varejo,34,7,16.23,5,0.2054,1
CLI00375,Varejo,78,5,14.75,1,0.215,0
CLI00376,Alta Renda,125,8,8.14,1,0.0334,0
CLI00377,Varejo,117,4,17.83,3,0.8506,1
CLI00378,Alta Renda,52,5,6.33,1,0.1969,0
CLI00379,Varejo,27,1,16.99,5,0.0646,1
CLI00380,Varejo,35,5,6.88,3,0.0865,1
CLI00381,Alta Renda,136,4,10.02,2,0.2348,0
CLI00382,Varejo,106,6,14.18,2,0.0267,1
CLI00383,Alta Renda,2,3,5.34,4,0.5179,0
CLI00384,Alta Renda,77,7,17.67,4,0.2243,1
CLI00385,Alta Renda,132,8,10.0,1,1.2654,0
CLI00386,Varejo,90,3,12.08,4,0.1828,0
CLI00387,Varejo,89,5,16.38,1,0.0403,1
CLI00388,Alta Renda,94,2,8.17,0,0.0348,0
CLI00389,Alta Renda,7,3,15.96,3,0.0995,0
CLI00390,Corporate,95,6,18.39,2,0.1141,0
CLI00391,Varejo,108,5,8.75,1,0.0791,0
CLI00392,Varejo,74,7,17.25,4,0.1953,0
CLI00393,Alta Renda,39,4,4.11,2,0.0765,0
CLI00394,Varejo,141,6,13.14,5,0.23,0
CLI00395,Wealth,71,5,6.34,3,0.084,0
CLI00396,Alta Renda,56,6,15.46,1,0.3758,0
CLI00397,Varejo,42,3,15.11,3,0.1105,0
CLI00398,Alta Renda,36,7,20.22,4,0.8353,0
CLI00399,Alta Renda,84,4,17.47,3,0.386,0
CLI00400,Varejo,118,5,10.8,5,0.2126,1
CLI00401,Wealth,7,1,6.96,4,0.1262,0
CLI00402,Varejo,54,8,13.88,3,0.0229,0
CLI00403,Alta Renda,129,4,11.24,1,1.0383,0
CLI00404,Varejo,120,1,18.01,3,0.0682,0
CLI00405,Wealth,106,6,2.4,1,0.186,0
CLI00406,Varejo,47,2,20.69,1,0.2584,0
CLI00407,Varejo,123,4,13.73,4,0.1302,1
CLI00408,Wealth,141,6,8.09,3,0.9617,0
CLI00409,Varejo,119,1,14.58,3,0.0338,0
CLI00410,Varejo,118,3,16.95,1,1.5748,0
CLI00411,Wealth,21,3,11.98,6,0.3957,0
CLI00412,Wealth,137,2,4.09,3,0.12,1
CLI00413,Varejo,26,8,10.27,1,0.1217,0
CLI00414,Varejo,9,4,15.87,4,0.0093,0
CLI00415,Varejo,15,4,13.59,1,0.0549,0
CLI00416,Varejo,10,4,10.84,4,0.1043,0
CLI00417,Varejo,122,8,16.99,4,0.2078,0
CLI00418,Alta Renda,121,6,14.61,1,0.85,1
CLI00419,Alta Renda,125,7,14.93,1,2.3369,0
CLI00420,Alta Renda,72,7,9.78,1,0.2355,1
CLI00421,Alta Renda,49,2,9.37,2,0.216,0
CLI00422,Varejo,91,4,4.36,4,0.0874,1
CLI00423,Varejo,37,6,10.41,3,0.0178,1
CLI00424,Varejo,68,3,15.43,2,0.0752,0
CLI00425,Varejo,50,1,10.64,6,0.1265,0
CLI00426,Varejo,19,6,13.37,3,0.5874,0
CLI00427,Alta Renda,100,8,16.17,1,0.3248,0
CLI00428,Varejo,60,7,13.07,3,0.2205,1
CLI00429,Varejo,89,7,13.48,1,0.0777,0
CLI00430,Varejo,69,3,5.8,2,0.0126,0
CLI00431,Alta Renda,49,3,10.15,4,0.0136,0
CLI00432,Varejo,108,8,18.75,3,0.019,0
CLI00433,Varejo,119,1,11.94,4,0.1131,0
CLI00434,Varejo,37,3,19.47,3,0.6019,1
CLI00435,Alta Renda,143,2,8.46,0,0.5811,0
CLI00436,Varejo,11,1,12.48,7,0.4639,0
CLI00437,Alta Renda,138,3,9.89,2,0.0846,1
CLI00438,Alta Renda,78,5,13.99,4,0.7316,0
CLI00439,Varejo,77,6,15.26,1,0.0493,1
CLI00440,Varejo,2,3,14.03,3,0.5013,0
CLI00441,Corporate,64,2,15.88,3,0.0187,0
CLI00442,Varejo,35,4,11.44,5,0.0358,0
CLI00443,Varejo,7,3,10.7,1,1.4168,0
CLI00444,Alta Renda,85,7,4.12,3,0.1268,0
CLI00445,Wealth,67,7,14.18,1,0.0682,0
CLI00446,Corporate,42,7,12.22,0,0.6932,0
CLI00447,Alta Renda,118,4,11.21,4,0.8046,0
CLI00448,Varejo,125,7,10.7,3,0.0941,0
CLI00449,Varejo,24,5,11.35,2,0.2374,1
CLI00450,Alta Renda,46,3,10.51,2,0.1975,0
CLI00451,Varejo,19,8,9.28,3,0.0042,0
CLI00452,Varejo,68,7,12.51,2,0.0269,0
CLI00453,Wealth,102,1,13.53,4,0.5627,0
CLI00454,Varejo,42,8,8.26,2,0.056,0
CLI00455,Varejo,32,4,9.82,7,0.3292,1
CLI00456,Varejo,109,5,10.64,3,0.2327,0
CLI00457,Varejo,36,1,11.52,2,0.8026,1
CLI00458,Varejo,97,1,10.96,3,0.0281,0
CLI00459,Varejo,131,1,14.27,1,0.276,1
CLI00460,Varejo,73,1,4.56,3,0.1518,0
CLI00461,Varejo,136,8,5.3,3,0.0592,1
CLI00462,Alta Renda,97,8,12.31,3,0.0587,0
CLI00463,Varejo,123,3,8.97,7,0.2222,0
CLI00464,Wealth,70,7,15.21,3,0.3748,0
CLI00465,Varejo,13,6,16.41,2,0.1795,0
CLI00466,Varejo,49,3,12.48,1,0.187,0
CLI00467,Alta Renda,60,3,7.0,3,0.0865,0
CLI00468,Varejo,130,5,15.93,2,0.0942,0
CLI00469,Wealth,5,5,12.34,1,0.059,1
CLI00470,Varejo,27,7,5.25,3,0.0842,0
CLI00471,Wealth,8,6,5.63,5,0.3581,0
CLI00472,Varejo,50,5,17.87,4,0.4141,0
CLI00473,Wealth,67,7,17.17,4,0.0315,0
CLI00474,Varejo,44,7,0.93,5,0.0515,0
CLI00475,Corporate,125,8,5.8,2,0.0656,0
CLI00476,Varejo,58,2,16.29,3,0.1521,1
CLI00477,Varejo,3,8,11.42,3,0.0185,1
CLI00478,Wealth,86,6,14.45,4,0.0527,0
CLI00479,Varejo,70,5,11.24,1,0.0273,0
CLI00480,Varejo,130,6,14.25,2,0.2782,1
CLI00481,Alta Renda,2,3,11.52,2,0.159,0
CLI00482,Varejo,102,3,9.66,3,0.0906,1
CLI00483,Varejo,35,6,15.95,1,0.0415,0
CLI00484,Varejo,98,2,12.35,1,0.0924,0
CLI00485,Wealth,30,2,14.24,5,0.0793,0
CLI00486,Varejo,116,8,12.16,1,1.3841,0
CLI00487,Varejo,8,6,9.46,1,0.6042,0
CLI00488,Wealth,44,5,18.26,1,0.0673,0
CLI00489,Wealth,36,8,12.99,1,0.2049,0
CLI00490,Varejo,77,4,10.01,1,0.5641,0
CLI00491,Varejo,31,2,16.87,1,0.0673,0
CLI00492,Varejo,47,1,5.95,3,0.0262,1
CLI00493,Varejo,55,8,20.89,2,0.016,0
CLI00494,Varejo,106,3,10.75,5,0.8641,0
CLI00495,Varejo,121,8,6.17,5,0.1289,0
CLI00496,Varejo,55,6,19.5,2,0.2414,0
CLI00497,Varejo,12,1,9.55,2,0.0784,0
CLI00498,Corporate,140,6,12.52,4,0.0318,0
CLI00499,Corporate,136,7,14.51,0,0.0405,0
CLI00500,Alta Renda,3,3,16.47,2,0.0289,1
CLI00501,Varejo,30,3,12.76,3,0.4991,1
CLI00502,Varejo,23,2,8.78,3,1.1507,0
CLI00503,Alta Renda,92,8,12.42,2,0.1735,0
CLI00504,Alta Renda,115,2,9.74,2,0.023,0
CLI00505,Varejo,104,1,12.55,3,0.3152,0
CLI00506,Wealth,118,8,18.34,1,0.856,0
CLI00507,Alta Renda,5,7,14.67,1,0.5846,0
CLI00508,Wealth,104,6,12.37,3,0.1592,0
CLI00509,Alta Renda,108,7,14.6,1,0.1219,0
CLI00510,Varejo,65,3,14.9,6,0.1575,0
CLI00511,Varejo,121,1,6.97,2,0.8129,0
CLI00512,Wealth,30,4,11.68,6,0.4442,0
CLI00513,Alta Renda,84,1,22.26,8,0.1001,0
CLI00514,Varejo,32,5,16.59,1,0.0969,1
CLI00515,Varejo,16,1,9.39,2,0.0884,0
CLI00516,Varejo,38,7,8.97,1,0.0414,0
CLI00517,Alta Renda,142,5,8.83,6,0.9583,0
CLI00518,Corporate,36,5,15.14,3,0.0594,0
CLI00519,Varejo,114,8,18.25,1,0.3127,0
CLI00520,Varejo,66,8,13.95,2,0.07,0
CLI00521,Varejo,105,5,12.16,1,0.0889,0
CLI00522,Wealth,85,4,9.63,5,0.1426,0
CLI00523,Alta Renda,2,8,12.88,2,0.3358,0
CLI00524,Alta Renda,75,1,8.06,2,0.118,0
CLI00525,Varejo,67,7,3.37,3,0.0376,1
CLI00526,Varejo,55,1,18.37,3,0.1695,0
CLI00527,Varejo,6,4,7.28,4,0.061,0
CLI00528,Varejo,143,3,10.14,2,1.23,0
CLI00529,Alta Renda,86,2,14.26,1,0.1179,0
CLI00530,Alta Renda,60,7,17.52,3,0.0694,0
CLI00531,Corporate,101,8,12.58,7,2.1538,0
CLI00532,Corporate,12,7,6.49,2,0.432,0
CLI00533,Varejo,49,1,10.23,2,0.0515,0
CLI00534,Alta Renda,42,2,8.65,4,0.0591,0
CLI00535,Wealth,82,6,11.34,5,0.3062,0
CLI00536,Alta Renda,35,6,16.67,2,0.1749,0
CLI00537,Varejo,134,8,0.84,4,0.5258,0
CLI00538,Varejo,67,4,9.77,4,0.0698,0
CLI00539,Varejo,80,6,9.47,1,0.4112,0
CLI00540,Wealth,7,7,6.22,6,0.009,0
CLI00541,Varejo,14,6,13.96,5,0.1352,0
CLI00542,Varejo,73,3,5.56,5,0.0741,0
CLI00543,Alta Renda,143,3,6.04,6,0.0915,0
CLI00544,Varejo,66,8,15.07,3,0.1446,0
CLI00545,Varejo,91,3,17.8,1,0.7262,0
CLI00546,Varejo,130,6,11.18,1,0.0369,0
CLI00547,Alta Renda,20,4,6.39,6,0.0096,1
CLI00548,Varejo,10,5,8.54,2,0.0429,1
CLI00549,Alta Renda,25,5,15.73,4,0.6245,0
CLI00550,Varejo,25,8,11.99,3,0.0195,1
CLI00551,Alta Renda,54,2,11.08,7,0.0786,0
CLI00552,Varejo,33,5,12.81,2,0.4924,0
CLI00553,Varejo,95,5,11.34,4,0.1532,0
CLI00554,Alta Renda,14,3,17.99,0,0.717,0
CLI00555,Varejo,65,3,8.35,1,0.0117,0
CLI00556,Varejo,110,6,7.87,2,0.1088,0
CLI00557,Varejo,80,8,5.69,7,0.9402,0
CLI00558,Alta Renda,54,2,9.23,3,0.0382,1
CLI00559,Varejo,125,8,6.91,4,0.6346,0
CLI00560,Alta Renda,131,1,12.42,6,0.1217,0
CLI00561,Varejo,134,7,11.59,4,0.2907,0
CLI00562,Varejo,25,2,6.97,3,0.8556,1
CLI00563,Varejo,141,2,13.97,1,0.289,1
CLI00564,Varejo,117,4,17.87,3,0.0766,0
CLI00565,Varejo,136,8,13.0,2,0.3432,0
CLI00566,Varejo,25,6,0.82,5,0.0699,0
CLI00567,Varejo,79,4,19.85,3,0.2358,0
CLI00568,Wealth,68,2,14.64,3,0.0325,0
CLI00569,Varejo,12,2,19.72,0,0.1717,0
CLI00570,Varejo,32,2,16.08,2,0.7758,0
CLI00571,Alta Renda,128,5,16.92,4,0.1121,0
CLI00572,Varejo,96,8,12.36,6,0.6851,0
CLI00573,Varejo,92,7,10.4,3,9.2208,0
CLI00574,Alta Renda,141,7,13.07,3,0.1592,0
CLI00575,Wealth,31,4,8.52,1,0.3673,0
CLI00576,Varejo,78,2,13.32,5,0.3073,0
CLI00577,Wealth,20,7,0.47,6,0.2215,0
CLI00578,Varejo,60,3,11.68,2,0.4604,1
CLI00579,Varejo,134,8,17.15,0,0.1197,0
CLI00580,Varejo,93,7,11.9,2,0.0699,0
CLI00581,Corporate,43,6,18.76,4,0.0227,0
CLI00582,Varejo,130,8,10.39,3,0.1059,0
CLI00583,Varejo,60,6,15.71,4,0.5336,1
CLI00584,Varejo,31,7,7.81,4,0.0487,0
CLI00585,Varejo,5,3,15.54,6,0.2278,1
CLI00586,Varejo,10,6,12.48,3,0.1409,0
CLI00587,Varejo,89,5,10.58,2,0.0738,0
CLI00588,Varejo,130,7,0.69,5,0.0149,0
CLI00589,Varejo,126,5,10.43,5,0.9721,0
CLI00590,Varejo,11,7,12.4,3,0.3238,1
CLI00591,Varejo,56,1,14.98,3,5.285,1
CLI00592,Varejo,83,1,18.06,1,0.6725,0
CLI00593,Varejo,137,1,20.05,4,0.9443,1
CLI00594,Wealth,99,6,16.73,2,0.017,0
CLI00595,Varejo,73,5,9.14,5,0.0166,1
CLI00596,Alta Renda,115,5,10.22,4,0.1746,0
CLI00597,Varejo,7,5,14.6,3,0.0372,0
CLI00598,Varejo,80,3,13.68,3,0.0682,0
CLI00599,Varejo,97,5,18.34,3,4.4112,0
CLI00600,Varejo,4,3,21.91,3,0.7763,1
CLI00601,Varejo,4,1,21.02,3,0.049,0
CLI00602,Varejo,103,1,17.77,3,0.0076,0
CLI00603,Varejo,40,6,13.72,1,0.0439,0
CLI00604,Varejo,17,7,17.17,4,0.0801,1
CLI00605,Varejo,101,1,18.48,2,0.1089,0
CLI00606,Varejo,103,7,10.88,4,0.0313,0
CLI00607,Varejo,124,7,9.26,1,0.7181,0
CLI00608,Varejo,52,8,8.28,5,0.0656,0
CLI00609,Alta Renda,52,6,7.82,3,0.3841,1
CLI00610,Varejo,124,2,5.7,3,0.1773,1
CLI00611,Alta Renda,63,2,12.55,4,0.5599,0
CLI00612,Varejo,116,4,7.3,2,0.1213,1
CLI00613,Varejo,62,8,8.21,3,0.0497,0
CLI00614,Alta Renda,7,6,14.45,1,0.0759,1
CLI00615,Wealth,92,4,12.26,0,0.0773,1
CLI00616,Varejo,14,4,13.3,4,2.4204,0
CLI00617,Varejo,86,8,17.23,1,0.1826,0
CLI00618,Alta Renda,133,2,15.13,3,0.1663,0
CLI00619,Alta Renda,130,6,17.88,1,0.5203,0
CLI00620,Varejo,62,2,11.84,2,0.1653,0
CLI00621,Varejo,79,4,18.27,5,0.7105,0
CLI00622,Varejo,138,6,13.01,2,0.1019,0
CLI00623,Varejo,58,4,12.21,3,0.0893,1
CLI00624,Varejo,120,5,17.64,0,0.0462,0
CLI00625,Varejo,133,8,7.84,2,1.8314,0
CLI00626,Varejo,65,7,20.0,3,0.151,1
CLI00627,Alta Renda,13,6,10.32,3,0.0359,0
CLI00628,Varejo,82,6,6.38,7,0.2135,0
CLI00629,Varejo,139,7,14.24,2,0.071,0
CLI00630,Alta Renda,52,4,9.92,2,0.0996,1
CLI00631,Wealth,117,5,20.01,2,0.2476,0
CLI00632,Varejo,26,3,9.68,2,1.194,0
CLI00633,Varejo,34,7,12.82,5,0.1886,0
CLI00634,Varejo,52,8,5.51,3,0.0656,0
CLI00635,Varejo,112,2,14.91,3,0.0857,1
CLI00636,Varejo,82,4,8.23,2,0.3881,0
CLI00637,Varejo,42,7,14.41,3,0.013,0
CLI00638,Varejo,21,7,9.7,5,0.0426,0
CLI00639,Varejo,42,6,2.9,1,0.2179,1
CLI00640,Varejo,141,2,12.05,2,0.018,1
CLI00641,Varejo,113,2,11.86,2,0.1101,0
CLI00642,Varejo,105,8,15.2,1,0.0888,0
CLI00643,Varejo,17,2,18.04,4,0.5172,0
CLI00644,Varejo,120,7,19.53,5,0.1194,0
CLI00645,Wealth,137,3,15.13,0,0.7731,0
CLI00646,Varejo,129,1,12.67,3,0.1831,0
CLI00647,Alta Renda,130,4,5.51,8,1.6643,0
CLI00648,Alta Renda,60,1,12.35,0,0.0272,1
CLI00649,Varejo,48,7,12.4,3,1.3529,0
CLI00650,Varejo,29,1,10.67,4,0.0969,0
CLI00651,Varejo,97,7,14.16,1,1.1231,0
CLI00652,Varejo,10,1,16.21,4,0.7717,1
CLI00653,Alta Renda,58,2,8.06,4,0.0041,0
CLI00654,Varejo,21,5,8.0,4,0.3082,0
CLI00655,Varejo,28,2,10.91,2,0.6047,0
CLI00656,Varejo,34,2,8.92,5,0.9298,0
CLI00657,Varejo,8,8,4.61,3,0.0358,1
CLI00658,Varejo,79,6,7.31,3,0.3561,0
CLI00659,Varejo,87,6,6.32,3,0.213,0
CLI00660,Varejo,88,1,16.58,2,0.2896,0
CLI00661,Corporate,69,7,18.65,3,0.6057,0
CLI00662,Varejo,87,8,6.9,0,0.7436,1
CLI00663,Varejo,101,2,13.79,1,0.0705,0
CLI00664,Varejo,8,8,15.17,1,0.2334,0
CLI00665,Varejo,77,1,5.23,3,0.1744,0
CLI00666,Varejo,87,6,12.18,5,0.1211,0
CLI00667,Varejo,43,5,22.14,1,0.1371,0
CLI00668,Varejo,129,4,14.34,6,0.2133,0
CLI00669,Varejo,109,1,10.47,3,0.0756,1
CLI00670,Varejo,17,8,9.15,2,0.521,0
CLI00671,Wealth,133,5,3.01,0,0.8608,0
CLI00672,Varejo,21,4,13.48,6,0.0569,0
CLI00673,Varejo,58,3,19.68,5,0.9174,0
CLI00674,Varejo,110,1,8.08,3,0.057,0
CLI00675,Corporate,139,1,3.37,3,0.5311,0
CLI00676,Varejo,143,3,8.71,0,0.9152,1
CLI00677,Varejo,135,3,15.2,1,0.1462,0
CLI00678,Wealth,28,1,9.7,3,0.0576,0
CLI00679,Alta Renda,51,3,8.05,2,0.0769,0
CLI00680,Alta Renda,5,2,11.58,1,0.2646,0
CLI00681,Varejo,5,4,12.46,5,2.1256,1
CLI00682,Varejo,94,4,5.67,2,0.0183,0
CLI00683,Alta Renda,96,4,10.59,4,0.1883,1
CLI00684,Wealth,8,2,9.41,5,0.1474,0
CLI00685,Varejo,64,7,8.81,4,0.0913,0
CLI00686,Varejo,138,3,7.23,1,0.1488,0
CLI00687,Varejo,38,5,15.45,3,0.0817,0
CLI00688,Alta Renda,111,3,8.79,2,0.832,0
CLI00689,Varejo,112,1,3.12,4,0.9467,0
CLI00690,Varejo,81,6,12.61,2,0.1854,0
CLI00691,Varejo,136,8,14.55,5,0.1376,0
CLI00692,Varejo,104,8,8.16,2,0.0871,1
CLI00693,Varejo,73,4,9.15,4,0.1859,0
CLI00694,Varejo,49,3,8.77,3,1.8261,0
CLI00695,Varejo,36,5,10.04,2,0.1444,1
CLI00696,Varejo,126,1,16.15,2,0.0555,1
CLI00697,Varejo,68,2,11.02,3,0.0986,0
CLI00698,Varejo,78,7,15.03,0,0.4402,0
CLI00699,Varejo,105,2,7.43,2,0.065,1
CLI00700,Varejo,122,5,9.89,2,0.1582,0
CLI00701,Varejo,119,1,15.51,3,0.3057,0
CLI00702,Varejo,114,4,8.12,2,0.0718,0
CLI00703,Varejo,10,3,15.75,0,0.0167,1
CLI00704,Varejo,140,1,8.86,3,0.0411,1
CLI00705,Corporate,91,8,10.15,5,0.0541,0
CLI00706,Varejo,2,7,18.51,2,0.1228,0
CLI00707,Alta Renda,118,2,9.67,2,0.1751,0
CLI00708,Varejo,13,7,12.11,3,0.4823,0
CLI00709,Alta Renda,95,7,14.09,3,0.0335,0
CLI00710,Alta Renda,32,5,12.45,4,0.3992,0
CLI00711,Varejo,32,5,12.57,1,0.1021,0
CLI00712,Varejo,124,3,11.26,3,0.0162,0
CLI00713,Varejo,11,5,6.03,2,0.1682,1
CLI00714,Varejo,10,5,12.96,2,0.915,0
CLI00715,Wealth,15,1,8.42,0,0.521,0
CLI00716,Alta Renda,17,8,14.76,3,0.1497,0
CLI00717,Wealth,59,4,17.26,3,0.7143,0
CLI00718,Varejo,78,3,3.92,2,0.2122,0
CLI00719,Alta Renda,124,1,17.27,1,0.5919,0
CLI00720,Wealth,114,4,9.77,3,0.0191,0
CLI00721,Varejo,22,7,10.95,4,0.0326,1
CLI00722,Varejo,32,1,7.67,3,0.4265,0
CLI00723,Alta Renda,113,6,12.29,5,1.2227,0
CLI00724,Varejo,120,1,11.78,3,0.2844,0
CLI00725,Alta Renda,122,5,16.02,3,0.0866,0
CLI00726,Varejo,32,4,8.39,3,0.0547,1
CLI00727,Alta Renda,119,3,18.48,1,0.1097,0
CLI00728,Varejo,39,3,14.29,3,0.8007,0
CLI00729,Varejo,12,4,11.88,2,0.1059,1
CLI00730,Varejo,18,5,10.74,1,0.6454,0
CLI00731,Alta Renda,141,2,10.21,3,0.3861,0
CLI00732,Alta Renda,126,1,10.49,3,1.5343,1
CLI00733,Varejo,136,5,12.21,6,0.2145,0
CLI00734,Varejo,46,6,10.62,1,0.155,0
CLI00735,Alta Renda,104,8,8.81,4,0.6886,0
CLI00736,Varejo,135,7,12.23,2,0.049,0
CLI00737,Alta Renda,86,4,7.99,4,0.0928,0
CLI00738,Varejo,89,8,12.85,3,0.0186,1
CLI00739,Varejo,22,1,10.56,5,0.0324,0
CLI00740,Varejo,92,3,14.43,4,2.0145,0
CLI00741,Varejo,29,7,15.65,2,0.4066,0
CLI00742,Alta Renda,13,8,15.65,4,0.0278,0
CLI00743,Varejo,2,2,12.84,2,0.7814,1
CLI00744,Varejo,29,8,13.33,3,0.0662,1
CLI00745,Wealth,27,6,10.14,1,0.3803,0
CLI00746,Varejo,50,3,14.35,3,0.373,0
CLI00747,Varejo,95,4,14.82,3,1.4398,0
CLI00748,Wealth,88,1,4.92,3,0.0822,1
CLI00749,Varejo,44,4,13.09,3,0.0631,0
CLI00750,Varejo,22,7,17.25,5,0.005,0
CLI00751,Wealth,97,1,10.0,2,0.1411,0
CLI00752,Varejo,3,5,9.09,2,0.4244,0
CLI00753,Varejo,118,2,9.74,1,0.5069,0
CLI00754,Varejo,19,5,5.18,5,0.8421,0
CLI00755,Alta Renda,23,5,12.03,4,0.2409,0
CLI00756,Varejo,30,4,11.63,1,0.3186,0
CLI00757,Varejo,39,7,12.33,3,0.1806,0
CLI00758,Wealth,108,2,13.25,5,0.4147,0
CLI00759,Alta Renda,111,8,8.15,3,0.0491,0
CLI00760,Varejo,25,1,12.65,2,0.0265,1
CLI00761,Varejo,128,1,13.36,5,0.0563,0
CLI00762,Varejo,111,6,9.45,5,0.2182,0
CLI00763,Alta Renda,136,3,13.26,4,0.0305,0
CLI00764,Varejo,106,6,11.84,0,0.0726,1
CLI00765,Varejo,72,8,8.85,3,0.0756,0
CLI00766,Alta Renda,129,6,12.69,1,0.4567,0
CLI00767,Alta Renda,108,1,10.28,0,0.3899,0
CLI00768,Varejo,5,4,14.43,1,0.1812,0
CLI00769,Alta Renda,3,5,10.5,4,0.2971,0
CLI00770,Varejo,132,7,6.08,2,0.3048,1
CLI00771,Alta Renda,104,5,12.62,8,0.103,0
CLI00772,Varejo,64,5,12.46,6,0.0817,0
CLI00773,Varejo,106,2,6.96,3,1.2186,0
CLI00774,Alta Renda,98,1,14.65,1,0.0065,0
CLI00775,Varejo,10,8,14.43,3,0.0631,0
CLI00776,Varejo,128,8,7.85,3,0.1268,0
CLI00777,Alta Renda,46,7,8.73,3,0.3423,0
CLI00778,Alta Renda,66,4,10.9,3,0.7234,0
CLI00779,Varejo,112,2,8.31,3,1.8473,0
CLI00780,Alta Renda,13,3,14.19,2,0.1467,0
CLI00781,Varejo,137,4,12.13,2,0.1601,0
CLI00782,Varejo,86,6,6.91,0,0.2648,0
CLI00783,Varejo,90,4,8.05,3,0.0829,0
CLI00784,Varejo,58,4,16.49,2,0.0355,1
CLI00785,Wealth,54,5,17.95,4,0.1459,0
CLI00786,Varejo,12,4,13.76,2,0.4356,0
CLI00787,Varejo,14,8,10.61,3,0.1205,1
CLI00788,Varejo,121,6,9.65,2,0.2829,0
CLI00789,Wealth,121,6,13.81,3,0.0146,0
CLI00790,Varejo,20,1,11.82,2,0.1693,1
CLI00791,Varejo,75,4,4.74,2,0.0978,0
CLI00792,Varejo,70,5,15.83,3,0.0315,0
CLI00793,Varejo,56,4,17.15,3,0.3884,1
CLI00794,Varejo,101,3,14.6,2,1.8209,0
CLI00795,Alta Renda,132,3,6.92,3,0.5987,0
CLI00796,Wealth,111,5,8.83,5,0.6504,0
CLI00797,Varejo,125,1,3.7,1,0.4174,1
CLI00798,Alta Renda,132,1,18.2,2,0.383,0
CLI00799,Wealth,20,6,10.0,2,0.0159,0
CLI00800,Alta Renda,138,6,21.3,3,0.14,0
CLI00801,Varejo,24,2,19.71,3,0.3202,0
CLI00802,Varejo,37,5,7.71,4,0.3298,0
CLI00803,Varejo,54,4,8.53,1,0.8635,0
CLI00804,Varejo,103,7,13.46,1,0.0432,0
CLI00805,Alta Renda,38,5,4.13,2,0.364,0
CLI00806,Wealth,4,2,9.66,3,0.0414,0
CLI00807,Wealth,57,6,9.24,2,0.1255,1
CLI00808,Varejo,20,5,19.27,2,0.1525,0
CLI00809,Varejo,17,5,12.18,3,0.5073,0
CLI00810,Corporate,119,6,10.3,3,0.4354,0
CLI00811,Alta Renda,71,8,8.85,5,0.1933,0
CLI00812,Varejo,4,2,15.26,0,0.0101,1
CLI00813,Wealth,14,6,9.41,8,0.2947,0
CLI00814,Alta Renda,3,1,11.29,4,0.1167,0
CLI00815,Varejo,80,4,8.82,1,1.0094,0
CLI00816,Varejo,55,6,5.13,6,0.7405,0
CLI00817,Varejo,132,2,7.32,0,0.0488,0
CLI00818,Varejo,120,3,9.39,7,0.3523,0
CLI00819,Varejo,24,1,10.39,1,0.3615,1
CLI00820,Alta Renda,82,3,10.58,3,0.3289,1
CLI00821,Varejo,60,7,11.13,1,0.2779,0
CLI00822,Varejo,49,6,9.45,1,0.375,0
CLI00823,Varejo,63,1,17.17,1,1.1641,0
CLI00824,Varejo,110,4,15.48,8,0.0807,1
CLI00825,Wealth,109,6,10.93,1,0.0509,0
CLI00826,Varejo,76,4,12.57,3,0.4573,0
CLI00827,Varejo,30,8,9.94,4,0.0143,1
CLI00828,Alta Renda,58,5,-0.44,3,0.3868,0
CLI00829,Varejo,117,3,11.59,3,0.3073,0
CLI00830,Varejo,100,1,12.78,4,0.0078,0
CLI00831,Varejo,19,4,4.73,5,0.0723,0
CLI00832,Varejo,94,2,13.6,6,1.2824,0
CLI00833,Varejo,113,4,10.32,3,0.0249,0
CLI00834,Varejo,63,2,12.92,2,0.2179,0
CLI00835,Varejo,116,6,10.45,3,0.0448,0
CLI00836,Wealth,113,1,16.75,6,0.0658,0
CLI00837,Varejo,47,4,12.45,2,1.9961,0
CLI00838,Varejo,57,7,15.71,4,0.1941,0
CLI00839,Varejo,118,4,16.06,3,0.3237,0
CLI00840,Varejo,45,8,6.8,1,0.1428,1
CLI00841,Alta Renda,4,7,8.4,3,0.0231,0
CLI00842,Varejo,47,1,13.4,3,0.0354,0
CLI00843,Wealth,143,8,9.96,2,0.7649,0
CLI00844,Varejo,47,4,10.5,3,0.2016,1
CLI00845,Varejo,78,2,16.9,5,0.0607,0
CLI00846,Varejo,124,4,10.2,4,0.1606,0
CLI00847,Corporate,75,3,7.43,4,0.3907,1
CLI00848,Varejo,103,6,8.0,5,0.2984,0
CLI00849,Varejo,137,5,20.67,2,0.0608,1
CLI00850,Varejo,90,2,10.75,8,0.0213,1
CLI00851,Alta Renda,69,3,5.77,4,0.0974,0
CLI00852,Varejo,61,7,4.07,1,0.6989,0
CLI00853,Wealth,138,6,8.88,4,0.5019,0
CLI00854,Varejo,50,1,10.67,4,0.2818,0
CLI00855,Varejo,3,2,15.49,1,0.1324,0
CLI00856,Varejo,107,5,15.08,1,0.0844,0
CLI00857,Varejo,113,6,11.47,5,0.1356,0
CLI00858,Varejo,94,7,9.59,4,0.4567,0
CLI00859,Varejo,118,8,12.93,2,0.6146,0
CLI00860,Alta Renda,81,8,4.16,2,0.1176,0
CLI00861,Varejo,109,5,19.82,2,4.4687,1
CLI00862,Varejo,51,1,14.25,5,0.1864,0
CLI00863,Varejo,35,1,15.14,4,0.1053,1
CLI00864,Varejo,46,7,6.99,3,1.1257,0
CLI00865,Varejo,69,2,16.89,4,0.0117,1
CLI00866,Varejo,93,7,9.57,6,0.3085,0
CLI00867,Varejo,64,4,7.5,2,0.1504,1
CLI00868,Alta Renda,49,1,11.34,4,1.0862,0
CLI00869,Wealth,74,6,11.24,3,0.3629,0
CLI00870,Varejo,5,4,6.97,3,0.1981,0
CLI00871,Varejo,100,8,7.74,1,0.3912,0
CLI00872,Varejo,70,8,7.41,4,0.0419,1
CLI00873,Varejo,90,3,7.45,0,0.5809,0
CLI00874,Varejo,4,5,9.87,4,0.0288,0
CLI00875,Varejo,126,4,5.67,1,0.2634,1
CLI00876,Alta Renda,39,5,8.6,1,0.1731,0
CLI00877,Alta Renda,129,7,15.89,3,0.0167,0
CLI00878,Varejo,24,4,14.96,2,0.1808,1
CLI00879,Varejo,57,7,7.09,1,0.2385,0
CLI00880,Varejo,100,3,15.52,2,0.0706,1
CLI00881,Alta Renda,70,1,3.24,2,0.0443,1
CLI00882,Varejo,41,8,21.7,4,0.3134,1
CLI00883,Varejo,60,3,16.96,5,0.2647,0
CLI00884,Alta Renda,108,8,9.15,3,0.222,0
CLI00885,Varejo,57,1,13.11,3,0.1672,0
CLI00886,Alta Renda,31,7,5.62,1,0.0791,0
CLI00887,Varejo,84,1,11.75,0,3.1703,0
CLI00888,Varejo,36,8,10.73,2,0.1122,1
CLI00889,Varejo,108,8,7.99,7,0.0537,0
CLI00890,Alta Renda,106,5,9.53,0,0.1774,1
CLI00891,Alta Renda,86,6,9.12,1,0.1307,0
CLI00892,Alta Renda,135,3,6.75,8,0.1088,0
CLI00893,Varejo,14,4,7.9,3,1.89,0
CLI00894,Alta Renda,120,8,5.44,6,0.0381,0
CLI00895,Varejo,138,3,15.1,2,0.1735,0
CLI00896,Varejo,80,5,7.59,4,0.0415,1
CLI00897,Wealth,106,1,6.37,4,0.0818,0
CLI00898,Varejo,70,5,15.03,3,1.5793,0
CLI00899,Varejo,44,2,13.05,4,0.2383,0
CLI00900,Varejo,73,2,14.88,3,0.2346,0
CLI00901,Varejo,45,4,15.35,3,0.0487,0
CLI00902,Varejo,107,5,19.64,3,0.0952,0
CLI00903,Varejo,84,7,10.84,2,1.7684,1
CLI00904,Varejo,82,4,5.38,7,0.3164,0
CLI00905,Wealth,107,7,12.64,3,0.1063,0
CLI00906,Alta Renda,21,4,8.69,1,0.2931,0
CLI00907,Varejo,7,2,7.48,4,0.2341,0
CLI00908,Varejo,70,4,11.92,2,0.0555,0
CLI00909,Varejo,127,2,15.14,3,0.1023,0
CLI00910,Varejo,143,8,7.99,2,3.0984,1
CLI00911,Varejo,143,1,16.85,3,0.2752,0
CLI00912,Varejo,120,7,7.34,2,0.0215,0
CLI00913,Varejo,128,5,10.48,4,0.3209,0
CLI00914,Varejo,142,8,13.12,1,0.8994,0
CLI00915,Varejo,57,8,9.87,3,0.051,0
CLI00916,Varejo,58,4,4.04,4,0.0913,1
CLI00917,Wealth,21,2,15.4,4,1.0941,0
CLI00918,Alta Renda,82,3,8.88,2,0.173,0
CLI00919,Varejo,69,7,14.63,2,0.1373,0
CLI00920,Alta Renda,131,8,6.19,4,0.0291,0
CLI00921,Varejo,87,4,6.91,4,0.6648,0
CLI00922,Wealth,49,6,15.12,1,0.1294,0
CLI00923,Alta Renda,115,1,12.93,5,0.0098,0
CLI00924,Varejo,89,1,9.66,4,0.0214,0
CLI00925,Varejo,85,3,12.99,3,0.0797,1
CLI00926,Varejo,128,2,7.49,6,0.041,0
CLI00927,Varejo,140,4,11.96,3,0.0502,1
CLI00928,Varejo,117,7,12.04,2,3.4836,1
CLI00929,Varejo,127,2,9.93,3,0.4147,0
CLI00930,Varejo,71,1,7.99,1,0.0058,1
CLI00931,Alta Renda,86,2,11.8,2,0.1099,0
CLI00932,Corporate,33,1,11.27,1,0.1471,0
CLI00933,Varejo,81,2,9.54,1,0.0242,0
CLI00934,Varejo,61,3,7.16,3,0.3311,0
CLI00935,Varejo,61,5,11.55,3,0.0116,0
CLI00936,Varejo,98,3,9.55,6,0.688,0
CLI00937,Wealth,28,3,7.15,1,1.0768,0
CLI00938,Varejo,43,5,11.68,7,3.5196,0
CLI00939,Varejo,86,5,18.25,3,0.0214,0
CLI00940,Varejo,17,8,9.96,0,0.0278,1
CLI00941,Varejo,98,8,17.79,4,0.4068,0
CLI00942,Alta Renda,98,4,20.38,1,0.7691,0
CLI00943,Alta Renda,65,7,7.5,0,0.4731,1
CLI00944,Varejo,74,7,11.54,3,0.6728,0
CLI00945,Varejo,85,4,20.34,4,0.9899,0
CLI00946,Varejo,5,3,10.99,2,0.215,1
CLI00947,Wealth,2,3,11.65,3,0.1254,0
CLI00948,Alta Renda,22,1,4.49,6,0.0279,0
CLI00949,Varejo,112,1,9.27,3,0.1122,1
CLI00950,Varejo,57,7,13.83,2,0.1369,0
CLI00951,Alta Renda,66,4,21.7,1,0.0481,0
CLI00952,Varejo,74,6,10.68,2,0.1573,0
CLI00953,Wealth,98,8,4.52,0,0.0415,0
CLI00954,Varejo,112,6,5.6,4,0.7028,0
CLI00955,Varejo,125,4,11.35,3,0.2875,0
CLI00956,Varejo,86,1,16.44,1,0.0909,0
CLI00957,Varejo,76,7,14.18,4,0.2113,0
CLI00958,Varejo,88,7,13.43,0,0.0393,1
CLI00959,Alta Renda,38,1,17.0,2,0.0448,0
CLI00960,Varejo,59,6,8.48,6,0.0725,0
CLI00961,Varejo,138,2,11.58,2,0.1288,0
CLI00962,Varejo,99,2,9.31,3,0.1986,0
CLI00963,Varejo,63,1,10.36,4,0.1996,0
CLI00964,Varejo,49,2,7.27,1,0.0298,0
CLI00965,Varejo,32,5,10.06,5,0.1488,0
CLI00966,Alta Renda,135,4,11.38,3,0.0571,0
CLI00967,Varejo,21,4,9.94,3,0.002,0
CLI00968,Varejo,20,1,10.82,0,9.0093,0
CLI00969,Varejo,127,3,13.2,2,0.0585,0
CLI00970,Alta Renda,68,8,16.7,1,0.0629,0
CLI00971,Wealth,110,6,17.01,1,0.0287,0
CLI00972,Alta Renda,116,1,14.7,2,0.0418,0
CLI00973,Varejo,143,2,6.21,8,0.1293,1
CLI00974,Varejo,120,6,9.99,3,0.9583,1
CLI00975,Varejo,79,3,10.35,2,0.1284,0
CLI00976,Varejo,116,2,8.74,2,0.1085,1
CLI00977,Varejo,92,7,12.94,3,0.7869,1
CLI00978,Varejo,14,8,4.8,3,0.0836,1
CLI00979,Varejo,125,5,18.61,5,0.1699,0
CLI00980,Varejo,58,2,16.52,3,0.0499,0
CLI00981,Alta Renda,28,5,13.51,3,1.478,0
CLI00982,Varejo,26,6,11.24,6,0.646,0
CLI00983,Varejo,113,5,16.66,1,0.1355,0
CLI00984,Alta Renda,66,6,14.4,2,0.0983,0
CLI00985,Varejo,131,6,16.15,5,0.1586,1
CLI00986,Alta Renda,44,6,11.25,3,0.1381,0
CLI00987,Varejo,97,6,19.02,3,0.0221,0
CLI00988,Varejo,42,6,16.4,2,0.6753,0
CLI00989,Alta Renda,6,2,13.64,3,0.123,0
CLI00990,Alta Renda,23,6,16.78,3,1.95,0
CLI00991,Alta Renda,89,2,9.74,3,0.286,0
CLI00992,Varejo,123,6,6.6,6,0.0062,0
CLI00993,Varejo,51,5,12.85,0,0.0312,0
CLI00994,Varejo,11,7,11.26,3,0.0102,0
CLI00995,Varejo,12,6,10.67,2,0.0307,0
CLI00996,Wealth,74,3,16.61,4,0.0198,0
CLI00997,Varejo,8,6,12.2,0,0.2295,1
CLI00998,Wealth,41,6,12.61,2,0.1096,0
CLI00999,Varejo,85,5,10.13,3,0.4329,0
CLI01000,Varejo,72,8,15.2,2,0.1573,0
CLI01001,Varejo,55,4,14.45,0,0.1209,0
CLI01002,Alta Renda,137,5,15.17,2,2.2348,0
CLI01003,Alta Renda,47,3,9.41,3,0.2208,0
CLI01004,Alta Renda,143,4,16.98,3,0.1489,0
CLI01005,Alta Renda,104,1,19.22,2,0.0545,1
CLI01006,Alta Renda,42,1,15.04,10,0.0358,0
CLI01007,Alta Renda,60,8,8.1,3,0.4501,0
CLI01008,Varejo,12,3,8.13,3,0.4164,0
CLI01009,Varejo,130,5,9.92,1,1.2751,1
CLI01010,Varejo,7,2,9.13,4,0.3081,0
CLI01011,Corporate,80,3,11.2,2,0.0992,0
CLI01012,Wealth,131,7,14.16,1,0.3212,0
CLI01013,Varejo,109,4,12.72,2,0.1489,0
CLI01014,Alta Renda,3,4,12.35,0,0.5092,0
CLI01015,Wealth,27,6,10.49,0,0.9367,0
CLI01016,Varejo,114,1,11.19,4,0.1328,0
CLI01017,Varejo,107,8,14.85,2,1.6234,1
CLI01018,Wealth,40,4,3.05,4,0.7748,0
CLI01019,Varejo,129,3,11.45,2,0.1691,0
CLI01020,Alta Renda,8,4,12.71,1,0.3953,0
CLI01021,Varejo,101,8,14.79,2,0.2459,0
CLI01022,Wealth,124,8,7.26,2,0.1701,0
CLI01023,Corporate,107,8,7.04,3,1.9879,0
CLI01024,Wealth,101,3,13.95,1,0.324,0
CLI01025,Varejo,4,2,3.5,2,0.0554,0
CLI01026,Alta Renda,110,6,17.1,3,0.0434,0
CLI01027,Alta Renda,19,1,12.45,2,0.0458,0
CLI01028,Varejo,32,4,18.05,1,0.3123,0
CLI01029,Alta Renda,137,3,6.93,3,0.106,0
CLI01030,Varejo,12,5,9.67,6,0.2549,0
CLI01031,Varejo,139,1,1.39,5,0.5584,0
CLI01032,Varejo,46,2,8.16,0,2.3102,0
CLI01033,Varejo,119,3,10.73,2,0.1093,0
CLI01034,Varejo,16,7,3.26,2,0.0265,0
CLI01035,Alta Renda,129,7,9.84,10,1.6991,0
CLI01036,Varejo,63,6,3.15,1,0.0249,0
CLI01037,Alta Renda,109,6,10.42,1,0.0236,0
CLI01038,Varejo,119,2,16.32,3,1.6428,0
CLI01039,Varejo,21,2,11.35,4,0.6611,0
CLI01040,Varejo,13,6,18.46,2,0.3105,0
CLI01041,Alta Renda,4,4,14.8,3,0.1549,0
CLI01042,Varejo,102,4,17.16,3,0.1211,0
CLI01043,Varejo,59,3,8.29,1,0.0709,0
CLI01044,Alta Renda,128,5,8.19,0,0.1144,0
CLI01045,Varejo,27,3,12.95,1,0.1554,0
CLI01046,Varejo,69,5,4.87,3,0.0277,1
CLI01047,Varejo,25,2,13.48,7,0.0569,1
CLI01048,Alta Renda,131,1,10.14,4,0.0106,0
CLI01049,Varejo,97,3,17.09,6,0.1829,0
CLI01050,Alta Renda,25,3,14.35,4,0.183,0
CLI01051,Varejo,126,5,16.11,2,1.6687,1
CLI01052,Wealth,133,8,8.33,1,0.2693,0
CLI01053,Alta Renda,9,2,15.9,2,0.0802,0
CLI01054,Corporate,116,2,17.57,5,0.1274,0
CLI01055,Varejo,134,7,11.34,5,0.3113,0
CLI01056,Alta Renda,60,8,8.39,2,0.2222,0
CLI01057,Varejo,121,5,8.47,5,0.3506,1
CLI01058,Varejo,139,2,16.7,3,0.2699,1
CLI01059,Varejo,108,8,22.77,0,0.119,1
CLI01060,Alta Renda,108,6,7.38,7,0.0824,0
CLI01061,Corporate,131,8,7.05,2,0.0768,0
CLI01062,Alta Renda,76,4,15.37,5,0.0496,0
CLI01063,Varejo,30,7,8.33,1,0.0405,0
CLI01064,Varejo,21,6,15.78,1,1.804,0
CLI01065,Alta Renda,34,1,13.45,1,0.1944,0
CLI01066,Varejo,41,3,11.4,2,0.1351,1
CLI01067,Varejo,51,7,13.35,2,0.0868,0
CLI01068,Varejo,82,1,13.1,1,0.2887,0
CLI01069,Varejo,58,3,10.75,1,0.7904,0
CLI01070,Varejo,75,4,4.12,3,0.4233,0
CLI01071,Varejo,23,8,12.25,3,0.5478,1
CLI01072,Varejo,128,2,18.11,6,0.0771,0
CLI01073,Varejo,17,6,4.74,5,0.1644,1
CLI01074,Corporate,69,5,7.44,3,0.0784,0
CLI01075,Varejo,108,6,13.29,2,0.19,0
CLI01076,Varejo,139,4,11.66,0,0.8645,1
CLI01077,Alta Renda,94,1,13.23,0,0.2927,1
CLI01078,Varejo,15,5,8.56,0,1.3699,0
CLI01079,Wealth,91,2,16.38,5,0.1136,0
CLI01080,Alta Renda,33,4,11.7,2,0.0579,0
CLI01081,Varejo,125,5,14.43,2,0.3217,0
CLI01082,Varejo,16,4,12.85,2,0.1929,1
CLI01083,Alta Renda,66,8,12.24,3,0.2515,0
CLI01084,Wealth,47,4,14.13,4,0.207,0
CLI01085,Varejo,124,2,12.28,1,0.0881,0
CLI01086,Varejo,1,7,6.5,7,0.2132,1
CLI01087,Varejo,87,3,16.07,6,0.5859,0
CLI01088,Corporate,128,5,14.94,2,0.6696,0
CLI01089,Varejo,67,8,2.65,2,0.0875,1
CLI01090,Wealth,4,2,8.75,3,0.2232,0
CLI01091,Varejo,47,4,15.88,4,1.1278,1
CLI01092,Varejo,38,8,3.83,2,0.09,0
CLI01093,Varejo,143,2,15.46,2,0.0711,0
CLI01094,Varejo,21,7,10.91,1,0.4643,0
CLI01095,Varejo,57,8,17.13,4,0.3696,0
CLI01096,Varejo,117,8,11.5,6,0.0557,0
CLI01097,Varejo,46,3,8.47,3,0.0268,0
CLI01098,Alta Renda,142,6,12.79,3,0.2176,0
CLI01099,Varejo,39,5,11.37,2,0.0959,0
CLI01100,Varejo,137,3,8.09,5,0.0185,0
CLI01101,Wealth,99,1,20.82,2,0.0677,0
CLI01102,Alta Renda,77,5,7.42,3,0.3618,0
CLI01103,Wealth,115,3,2.08,3,0.1358,0
CLI01104,Corporate,134,4,18.14,2,1.2661,0
CLI01105,Varejo,91,5,9.05,1,0.011,0
CLI01106,Varejo,98,5,10.25,1,0.9412,0
CLI01107,Alta Renda,120,2,10.0,4,0.1057,0
CLI01108,Alta Renda,46,4,9.11,1,0.0876,0
CLI01109,Varejo,38,1,8.28,3,0.022,1
CLI01110,Alta Renda,142,6,7.31,2,0.3026,0
CLI01111,Varejo,100,8,11.77,1,0.0154,0
CLI01112,Varejo,72,7,9.81,6,0.4787,0
CLI01113,Varejo,35,3,14.57,2,0.0231,0
CLI01114,Varejo,30,2,13.53,4,0.0284,0
CLI01115,Varejo,78,3,7.6,4,0.0351,0
CLI01116,Varejo,84,1,11.96,7,0.0652,0
CLI01117,Alta Renda,113,8,9.75,2,0.5625,0
CLI01118,Varejo,25,1,7.34,8,1.1678,1
CLI01119,Varejo,88,5,14.4,3,0.0745,0
CLI01120,Alta Renda,14,7,10.99,4,0.1556,0
CLI01121,Wealth,102,1,9.79,4,0.3125,0
CLI01122,Alta Renda,83,3,7.91,5,0.1077,0
CLI01123,Alta Renda,110,4,7.18,1,0.297,0
CLI01124,Alta Renda,131,4,19.85,3,0.1644,0
CLI01125,Varejo,19,5,12.9,2,0.1189,0
CLI01126,Varejo,28,6,6.92,1,0.0261,0
CLI01127,Varejo,71,3,12.71,2,0.2006,0
CLI01128,Varejo,63,3,15.96,2,0.5746,0
CLI01129,Varejo,73,1,12.2,1,0.0601,0
CLI01130,Alta Renda,124,7,17.27,7,0.0128,0
CLI01131,Varejo,119,3,5.02,3,0.1091,1
CLI01132,Varejo,121,2,3.14,1,1.1767,0
CLI01133,Varejo,19,6,12.59,1,0.7989,0
CLI01134,Alta Renda,142,1,12.66,1,0.0777,0
CLI01135,Varejo,120,2,-2.53,4,0.2988,0
CLI01136,Alta Renda,61,5,8.88,6,0.367,0
CLI01137,Varejo,30,4,7.26,6,1.1473,0
CLI01138,Varejo,9,5,5.65,0,0.022,0
CLI01139,Varejo,64,4,7.25,7,0.0412,1
CLI01140,Alta Renda,120,5,14.0,3,0.0121,0
CLI01141,Varejo,52,3,7.23,2,0.0684,0
CLI01142,Alta Renda,89,2,7.37,4,0.6611,0
CLI01143,Varejo,142,4,4.7,1,0.0798,0
CLI01144,Varejo,53,1,16.83,1,0.0302,0
CLI01145,Alta Renda,78,2,13.33,2,0.2219,0
CLI01146,Alta Renda,41,1,1.03,0,0.2295,0
CLI01147,Alta Renda,68,2,7.37,6,0.0441,1
CLI01148,Alta Renda,8,2,13.72,3,0.0856,0
CLI01149,Alta Renda,2,5,16.88,4,0.201,0
CLI01150,Alta Renda,105,4,15.03,2,0.436,1
CLI01151,Alta Renda,125,4,10.01,1,0.0711,0
CLI01152,Alta Renda,110,7,3.39,0,0.059,0
CLI01153,Alta Renda,86,2,15.16,4,1.9864,0
CLI01154,Varejo,120,3,10.25,0,0.1158,0
CLI01155,Alta Renda,127,3,11.79,3,0.2286,0
CLI01156,Varejo,16,1,10.75,4,0.384,0
CLI01157,Alta Renda,62,1,5.81,2,0.0162,0
CLI01158,Alta Renda,113,5,13.03,0,0.1614,0
CLI01159,Varejo,12,2,12.45,1,0.0195,1
CLI01160,Alta Renda,35,1,9.71,1,0.1395,0
CLI01161,Varejo,11,1,13.48,4,0.9852,0
CLI01162,Varejo,64,6,5.73,0,0.0451,1
CLI01163,Alta Renda,50,2,10.37,2,0.0189,0
CLI01164,Varejo,69,8,11.61,3,1.9232,1
CLI01165,Alta Renda,48,5,4.21,3,0.0372,0
CLI01166,Alta Renda,20,1,11.26,2,0.0236,0
CLI01167,Varejo,101,5,14.58,1,1.3563,0
CLI01168,Varejo,137,4,10.23,0,0.0354,0
CLI01169,Varejo,68,5,11.36,2,1.4027,0
CLI01170,Varejo,35,8,13.86,3,0.2361,1
CLI01171,Corporate,65,3,9.87,4,0.8773,0
CLI01172,Varejo,8,8,10.25,4,0.2105,0
CLI01173,Varejo,45,3,6.56,1,0.6727,0
CLI01174,Varejo,87,5,11.44,0,0.0501,1
CLI01175,Varejo,76,3,10.09,3,0.0744,1
CLI01176,Alta Renda,76,4,13.6,4,0.0106,0
CLI01177,Varejo,47,2,13.87,0,0.5847,1
CLI01178,Alta Renda,15,3,14.82,1,0.2852,0
CLI01179,Varejo,105,3,9.37,4,0.0446,0
CLI01180,Wealth,26,5,2.36,2,0.017,0
CLI01181,Varejo,52,4,14.61,5,0.2384,0
CLI01182,Varejo,93,7,13.31,4,1.4604,0
CLI01183,Wealth,21,7,8.83,3,0.1382,0
CLI01184,Varejo,51,7,13.83,4,0.0702,0
CLI01185,Wealth,38,7,5.42,4,0.0489,0
CLI01186,Alta Renda,20,2,15.83,5,0.8387,0
CLI01187,Varejo,132,8,10.1,1,0.06,1
CLI01188,Varejo,55,5,8.02,1,0.102,0
CLI01189,Alta Renda,92,5,8.89,2,0.6403,0
CLI01190,Varejo,28,6,10.53,2,0.3786,0
CLI01191,Varejo,4,4,11.45,2,0.1072,0
CLI01192,Varejo,76,7,11.7,3,0.0666,0
CLI01193,Varejo,67,2,9.7,1,1.111,0
CLI01194,Varejo,86,4,12.34,4,0.0387,1
CLI01195,Alta Renda,91,7,11.53,2,0.1258,0
CLI01196,Corporate,105,2,8.78,0,0.0233,1
CLI01197,Wealth,1,4,8.15,1,0.7753,0
CLI01198,Alta Renda,72,5,14.06,4,0.0892,0
CLI01199,Varejo,87,5,13.7,3,0.0666,0
