cliente_id,segmento,meses_cliente,qtd_produtos,retorno_12m_pct,freq_contato_mes,auc_milhoes,churn
CLI00000,Alta Renda,130,7,6.95,3,3.268,1
CLI00001,Wealth,12,6,19.12,2,47.588,0
CLI00002,Private,34,5,13.98,3,14.924,0
CLI00003,Private,38,1,17.37,4,28.297,0
CLI00004,Alta Renda,139,8,7.91,3,4.652,0
CLI00005,Alta Renda,116,4,7.62,3,10.69,0
CLI00006,Alta Renda,84,3,9.99,3,10.462,1
CLI00007,Wealth,63,4,8.04,2,89.44,0
CLI00008,Private,31,8,14.46,5,16.227,0
CLI00009,Private,34,8,8.35,2,23.536,0
CLI00010,Alta Renda,9,5,6.58,1,23.714,1
CLI00011,Family Office,104,5,12.1,3,2102.366,0
CLI00012,Wealth,44,5,6.08,4,111.253,0
CLI00013,Alta Renda,20,4,3.94,2,4.314,0
CLI00014,Alta Renda,124,5,12.06,2,15.619,0
CLI00015,Alta Renda,34,8,4.15,2,4.234,0
CLI00016,Alta Renda,80,1,14.76,3,9.217,0
CLI00017,Private,121,5,5.64,1,13.886,0
CLI00018,Alta Renda,37,2,2.09,2,11.435,1
CLI00019,Alta Renda,135,7,10.27,0,3.0,1
CLI00020,Private,89,4,12.11,2,34.439,0
CLI00021,Alta Renda,27,2,13.56,2,11.554,0
CLI00022,Alta Renda,32,5,12.22,1,14.991,0
CLI00023,Alta Renda,86,8,7.05,4,12.79,0
CLI00024,Private,131,1,14.49,2,8.612,0
CLI00025,Private,97,3,15.53,1,40.552,0
CLI00026,Alta Renda,26,6,6.44,4,21.655,0
CLI00027,Private,52,7,10.74,1,28.259,0
CLI00028,Private,106,6,10.35,4,87.663,0
CLI00029,Alta Renda,89,5,12.43,0,11.903,0
CLI00030,Private,11,7,10.64,4,24.765,0
CLI00031,Alta Renda,136,7,11.21,2,5.209,0
CLI00032,Alta Renda,6,1,14.2,6,13.837,0
CLI00033,Wealth,63,7,6.82,2,83.926,0
CLI00034,Family Office,129,4,14.6,2,287.906,0
CLI00035,Private,20,2,16.29,1,24.761,0
CLI00036,Alta Renda,69,2,18.36,1,5.049,0
CLI00037,Alta Renda,30,2,2.5,2,7.325,0
CLI00038,Private,29,4,10.73,1,42.171,0
CLI00039,Alta Renda,17,6,3.25,5,11.061,0
CLI00040,Alta Renda,23,1,1.27,3,8.956,0
CLI00041,Private,20,7,12.11,1,25.644,0
CLI00042,Alta Renda,32,4,9.82,0,14.717,0
CLI00043,Wealth,77,2,12.76,3,75.209,0
CLI00044,Alta Renda,65,5,13.54,2,27.514,0
CLI00045,Private,98,3,16.74,2,33.02,0
CLI00046,Alta Renda,58,7,11.73,1,3.745,0
CLI00047,Private,13,4,23.78,7,50.848,0
CLI00048,Private,84,8,12.79,2,23.848,0
CLI00049,Alta Renda,32,4,19.24,4,5.843,1
CLI00050,Family Office,55,1,1.7,6,1510.04,0
CLI00051,Private,136,1,17.17,3,57.361,0
CLI00052,Wealth,98,4,10.74,0,129.758,0
CLI00053,Wealth,29,2,3.32,2,323.501,0
CLI00054,Private,65,3,13.27,1,10.224,0
CLI00055,Wealth,127,7,10.23,1,92.522,0
CLI00056,Alta Renda,136,1,13.94,1,8.33,0
CLI00057,Alta Renda,51,7,15.75,4,5.426,1
CLI00058,Alta Renda,20,2,5.25,4,6.715,0
CLI00059,Alta Renda,22,7,15.76,6,10.725,0
CLI00060,Alta Renda,131,5,11.53,1,9.969,0
CLI00061,Alta Renda,89,1,17.18,5,8.02,0
CLI00062,Private,14,2,10.64,7,73.28,0
CLI00063,Alta Renda,68,2,9.52,2,7.593,1
CLI00064,Alta Renda,122,3,11.61,2,6.189,0
CLI00065,Private,135,3,11.93,1,9.576,0
CLI00066,Alta Renda,93,5,8.72,3,15.156,0
CLI00067,Private,77,2,9.42,4,63.024,1
CLI00068,Alta Renda,69,6,6.35,3,17.475,0
CLI00069,Family Office,77,2,9.67,2,492.525,0
CLI00070,Private,26,3,14.34,2,9.137,0
CLI00071,Alta Renda,23,6,10.92,1,12.259,0
CLI00072,Alta Renda,69,1,15.74,1,3.72,0
CLI00073,Private,87,1,10.72,4,91.887,1
CLI00074,Private,115,7,5.49,5,30.837,0
CLI00075,Private,100,4,14.01,1,15.883,1
CLI00076,Private,37,3,8.67,5,85.736,0
CLI00077,Alta Renda,16,4,10.52,0,6.06,0
CLI00078,Alta Renda,50,6,16.7,4,7.813,0
CLI00079,Alta Renda,38,3,6.62,4,4.173,0
CLI00080,Wealth,107,5,12.19,5,187.443,0
CLI00081,Private,141,2,11.33,1,14.569,1
CLI00082,Alta Renda,16,5,14.44,5,7.311,0
CLI00083,Alta Renda,93,6,15.09,2,7.086,0
CLI00084,Alta Renda,46,3,12.61,1,12.707,1
CLI00085,Alta Renda,81,8,9.99,7,5.322,0
CLI00086,Private,126,6,13.49,1,24.43,0
CLI00087,Private,51,8,17.11,3,133.624,0
CLI00088,Wealth,85,2,11.39,5,58.702,0
CLI00089,Private,59,1,10.38,3,35.5,0
CLI00090,Alta Renda,91,1,13.13,0,13.273,1
CLI00091,Private,97,6,11.66,3,8.303,0
CLI00092,Private,102,4,5.88,2,23.765,0
CLI00093,Private,7,3,12.51,1,22.537,0
CLI00094,Private,38,3,5.84,2,31.353,1
CLI00095,Private,82,1,13.07,8,27.263,0
CLI00096,Private,121,7,8.15,5,38.85,0
CLI00097,Alta Renda,108,5,11.65,0,4.134,0
CLI00098,Alta Renda,108,7,13.14,1,4.464,0
CLI00099,Alta Renda,95,2,21.81,2,5.682,0
CLI00100,Alta Renda,127,5,14.62,2,7.187,0
CLI00101,Private,111,5,17.23,2,11.194,1
CLI00102,Alta Renda,124,6,19.36,2,3.0,1
CLI00103,Private,54,1,13.55,0,20.155,0
CLI00104,Wealth,109,7,12.7,8,46.216,0
CLI00105,Alta Renda,66,7,7.02,3,9.012,0
CLI00106,Alta Renda,128,1,11.01,3,17.922,0
CLI00107,Private,139,7,8.46,3,33.761,0
CLI00108,Alta Renda,14,8,9.82,2,10.015,0
CLI00109,Alta Renda,11,1,19.36,4,6.234,0
CLI00110,Alta Renda,78,6,11.98,5,3.855,0
CLI00111,Alta Renda,108,4,7.82,5,3.0,0
CLI00112,Wealth,46,5,17.27,9,147.693,0
CLI00113,Private,119,6,15.51,3,17.724,0
CLI00114,Private,13,3,15.73,7,54.042,1
CLI00115,Wealth,77,2,3.07,2,94.508,0
CLI00116,Private,97,4,19.68,3,17.938,0
CLI00117,Alta Renda,67,3,9.15,1,3.0,0
CLI00118,Wealth,89,5,14.77,4,229.213,0
CLI00119,Private,67,7,22.1,2,30.514,0
CLI00120,Private,116,1,20.55,3,26.291,0
CLI00121,Wealth,132,5,7.39,3,260.344,0
CLI00122,Alta Renda,12,6,5.43,3,6.514,0
CLI00123,Alta Renda,89,2,17.51,2,22.303,0
CLI00124,Alta Renda,137,6,12.1,4,3.0,0
CLI00125,Alta Renda,139,4,9.4,2,10.289,0
CLI00126,Private,63,4,14.11,3,15.232,0
CLI00127,Wealth,27,2,10.82,2,189.784,0
CLI00128,Alta Renda,132,8,14.45,2,4.822,0
CLI00129,Private,8,3,11.78,4,29.035,0
CLI00130,Alta Renda,132,3,14.53,4,5.821,0
CLI00131,Alta Renda,46,4,7.74,7,4.179,1
CLI00132,Alta Renda,111,4,17.48,0,3.3,1
CLI00133,Alta Renda,19,7,14.43,2,7.501,0
CLI00134,Wealth,17,1,14.21,1,187.122,0
CLI00135,Alta Renda,92,7,6.81,4,8.089,0
CLI00136,Private,17,7,18.64,1,12.744,0
CLI00137,Private,30,8,11.44,2,21.457,0
CLI00138,Alta Renda,50,3,14.56,1,10.11,0
CLI00139,Family Office,127,8,10.14,4,442.801,0
CLI00140,Family Office,60,8,12.6,6,688.026,0
CLI00141,Alta Renda,105,2,12.75,0,3.0,0
CLI00142,Private,141,3,-0.34,0,28.513,0
CLI00143,Alta Renda,124,1,13.95,2,11.32,0
CLI00144,Alta Renda,58,6,19.75,4,11.432,1
CLI00145,Alta Renda,37,4,13.77,5,8.841,0
CLI00146,Private,56,4,7.48,2,11.891,0
CLI00147,Private,49,1,14.23,3,40.703,0
CLI00148,Alta Renda,87,8,15.95,3,5.553,0
CLI00149,Alta Renda,42,7,13.65,1,8.294,0
CLI00150,Wealth,101,2,11.19,5,11.87,0
CLI00151,Alta Renda,61,8,10.48,1,6.409,0
CLI00152,Alta Renda,110,4,10.47,6,11.924,0
CLI00153,Private,64,5,14.43,2,32.734,0
CLI00154,Family Office,136,7,5.59,1,767.691,0
CLI00155,Alta Renda,40,4,9.94,3,5.722,0
CLI00156,Private,98,5,18.2,1,38.529,0
CLI00157,Private,102,8,18.36,4,28.042,0
CLI00158,Alta Renda,140,1,5.29,1,7.428,1
CLI00159,Private,81,1,6.75,2,14.038,0
CLI00160,Alta Renda,54,7,10.36,1,3.0,0
CLI00161,Private,99,4,15.25,2,27.999,0
CLI00162,Private,29,3,3.82,3,40.693,0
CLI00163,Private,42,5,11.27,6,13.709,0
CLI00164,Alta Renda,9,2,9.51,2,8.28,0
CLI00165,Wealth,113,4,17.07,4,146.851,0
CLI00166,Alta Renda,131,2,4.46,1,4.635,0
CLI00167,Alta Renda,25,4,11.89,0,9.279,0
CLI00168,Alta Renda,55,3,9.85,1,10.8,1
CLI00169,Private,101,3,17.67,3,14.378,0
CLI00170,Private,110,7,14.01,3,24.157,0
CLI00171,Alta Renda,122,7,9.04,3,5.005,0
CLI00172,Private,103,3,15.08,4,22.408,0
CLI00173,Alta Renda,71,6,9.87,3,7.121,0
CLI00174,Private,84,3,15.7,4,27.73,0
CLI00175,Alta Renda,11,1,10.5,4,7.705,0
CLI00176,Private,44,1,15.93,3,23.504,0
CLI00177,Alta Renda,120,6,13.33,5,8.571,0
CLI00178,Wealth,130,8,25.19,4,192.742,0
CLI00179,Alta Renda,17,5,11.28,1,10.808,0
CLI00180,Alta Renda,136,8,13.11,1,10.058,0
CLI00181,Alta Renda,23,2,9.49,1,5.68,0
CLI00182,Wealth,45,8,11.51,2,48.126,0
CLI00183,Wealth,26,4,0.15,2,110.629,0
CLI00184,Alta Renda,104,8,13.46,3,16.861,0
CLI00185,Private,31,4,17.14,3,30.821,0
CLI00186,Private,13,6,13.17,3,58.282,0
CLI00187,Private,105,1,5.98,3,38.677,1
CLI00188,Private,92,7,8.13,2,28.959,0
CLI00189,Alta Renda,47,4,1.29,4,10.586,0
CLI00190,Alta Renda,19,1,15.61,2,15.161,0
CLI00191,Wealth,83,5,7.27,2,55.852,0
CLI00192,Wealth,7,2,11.38,4,214.511,0
CLI00193,Private,124,5,10.85,3,14.414,0
CLI00194,Alta Renda,42,6,17.75,4,8.471,0
CLI00195,Alta Renda,74,8,11.86,2,8.75,0
CLI00196,Private,46,8,14.9,4,18.156,1
CLI00197,Wealth,67,3,13.8,3,59.091,0
CLI00198,Wealth,65,3,17.21,2,65.701,0
CLI00199,Private,130,3,10.5,5,46.397,0
CLI00200,Private,116,5,19.35,2,21.139,0
CLI00201,Alta Renda,19,4,3.16,1,6.563,1
CLI00202,Alta Renda,89,2,15.1,2,5.484,0
CLI00203,Wealth,135,3,7.86,2,81.357,0
CLI00204,Private,75,6,9.43,6,15.667,0
CLI00205,Alta Renda,128,6,13.89,2,11.969,0
CLI00206,Alta Renda,94,3,13.86,3,8.097,1
CLI00207,Private,33,8,14.05,3,98.595,0
CLI00208,Alta Renda,71,3,5.68,4,6.511,0
CLI00209,Alta Renda,10,2,17.59,2,3.989,0
CLI00210,Private,50,3,7.72,2,69.887,0
CLI00211,Private,52,2,8.28,3,25.985,0
CLI00212,Private,36,6,14.18,4,14.623,0
CLI00213,Alta Renda,15,3,10.3,4,16.465,1
CLI00214,Private,123,5,12.79,6,43.216,0
CLI00215,Alta Renda,19,7,2.44,1,7.447,0
CLI00216,Alta Renda,85,5,12.69,3,3.565,0
CLI00217,Private,98,6,12.41,1,20.867,1
CLI00218,Private,15,2,9.36,3,47.719,0
CLI00219,Wealth,81,5,2.79,3,474.659,0
CLI00220,Private,99,2,10.61,3,20.88,0
CLI00221,Private,110,5,11.34,1,75.147,0
CLI00222,Alta Renda,6,5,9.96,1,7.321,0
CLI00223,Alta Renda,138,2,3.79,2,6.268,0
CLI00224,Alta Renda,25,4,18.2,2,6.128,0
CLI00225,Alta Renda,13,5,8.82,2,9.61,0
CLI00226,Family Office,6,3,10.57,3,560.928,0
CLI00227,Alta Renda,62,7,1.38,0,6.272,0
CLI00228,Wealth,69,6,18.2,0,211.35,0
CLI00229,Private,123,4,9.54,3,20.511,1
CLI00230,Private,33,2,11.91,2,115.705,0
CLI00231,Private,126,4,16.21,5,31.476,0
CLI00232,Private,112,1,8.66,4,64.25,0
CLI00233,Private,54,1,15.55,1,20.25,0
CLI00234,Alta Renda,125,5,2.84,3,5.917,0
CLI00235,Private,49,5,13.81,6,12.748,0
CLI00236,Alta Renda,61,3,18.1,3,14.809,0
CLI00237,Alta Renda,116,7,9.06,1,3.0,0
CLI00238,Private,139,6,16.2,4,7.018,0
CLI00239,Alta Renda,113,4,19.2,6,6.805,0
CLI00240,Wealth,119,1,10.43,2,313.774,0
CLI00241,Wealth,83,5,10.08,3,33.85,0
CLI00242,Wealth,135,8,7.73,4,48.204,0
CLI00243,Alta Renda,42,8,9.36,0,11.667,0
CLI00244,Alta Renda,25,6,8.08,1,9.882,0
CLI00245,Wealth,31,4,7.72,1,262.58,0
CLI00246,Alta Renda,34,5,16.54,1,12.267,0
CLI00247,Family Office,6,5,8.18,1,996.443,0
CLI00248,Family Office,124,1,12.59,4,689.966,0
CLI00249,Wealth,40,1,11.66,1,35.036,0
CLI00250,Alta Renda,64,5,17.79,1,21.28,0
CLI00251,Alta Renda,74,2,9.39,3,17.82,0
CLI00252,Wealth,17,5,13.1,3,71.086,0
CLI00253,Alta Renda,25,6,14.82,1,3.708,0
CLI00254,Alta Renda,48,5,17.76,3,3.0,0
CLI00255,Private,131,3,9.33,4,60.23,0
CLI00256,Wealth,55,7,8.9,3,418.406,0
CLI00257,Private,34,3,7.04,3,29.166,0
CLI00258,Private,44,3,20.89,5,13.246,0
CLI00259,Alta Renda,43,2,17.31,2,8.379,0
CLI00260,Private,89,2,11.32,1,61.752,0
CLI00261,Family Office,133,8,19.61,1,565.347,0
CLI00262,Alta Renda,131,5,11.07,3,3.324,0
CLI00263,Private,50,3,14.54,2,56.025,0
CLI00264,Wealth,57,2,11.54,6,58.805,0
CLI00265,Private,85,1,13.17,0,64.176,0
CLI00266,Private,129,5,12.73,3,12.533,0
CLI00267,Private,124,6,9.72,3,59.149,0
CLI00268,Alta Renda,13,7,16.09,5,3.0,0
CLI00269,Alta Renda,90,4,14.51,1,8.33,1
CLI00270,Private,134,5,15.82,2,35.256,0
CLI00271,Private,13,4,12.84,2,65.942,0
CLI00272,Wealth,101,3,7.69,3,33.678,0
CLI00273,Wealth,107,7,18.68,3,113.447,0
CLI00274,Private,10,4,10.4,2,38.778,0
CLI00275,Private,91,3,13.03,3,31.063,1
CLI00276,Private,39,1,14.17,2,59.632,1
CLI00277,Private,60,4,13.0,2,46.681,0
CLI00278,Private,124,7,15.34,4,53.585,0
CLI00279,Private,119,8,16.01,2,20.892,1
CLI00280,Wealth,31,5,10.56,5,34.593,0
CLI00281,Alta Renda,141,3,18.33,1,9.562,0
CLI00282,Alta Renda,52,5,10.38,3,17.94,0
CLI00283,Alta Renda,118,7,12.91,1,10.682,0
CLI00284,Private,81,2,9.87,3,25.248,0
CLI00285,Alta Renda,77,3,8.67,3,20.119,0
CLI00286,Private,94,4,15.89,3,9.894,0
CLI00287,Private,51,3,24.61,1,20.008,0
CLI00288,Alta Renda,38,5,9.98,3,8.512,0
CLI00289,Private,6,1,16.6,1,44.99,0
CLI00290,Alta Renda,36,3,10.13,4,3.747,0
CLI00291,Alta Renda,58,4,11.46,0,11.002,0
CLI00292,Private,53,2,18.88,4,39.28,0
CLI00293,Alta Renda,74,8,6.99,3,14.582,0
CLI00294,Alta Renda,110,6,5.88,2,8.68,0
CLI00295,Private,95,1,11.13,2,15.557,1
CLI00296,Private,68,8,14.29,4,60.438,0
CLI00297,Alta Renda,78,2,13.45,2,15.545,0
CLI00298,Private,94,3,13.01,4,166.676,0
CLI00299,Alta Renda,18,5,11.64,2,6.541,0
CLI00300,Alta Renda,78,7,14.8,5,9.451,1
CLI00301,Private,82,5,-0.74,3,16.29,0
CLI00302,Private,73,8,8.35,5,24.746,0
CLI00303,Private,103,4,11.11,2,19.283,0
CLI00304,Private,130,5,14.46,0,26.45,0
CLI00305,Family Office,107,1,17.76,2,485.691,0
CLI00306,Private,137,5,7.78,3,33.001,0
CLI00307,Alta Renda,107,4,17.62,3,6.36,0
CLI00308,Private,24,6,9.6,1,18.427,0
CLI00309,Alta Renda,87,3,10.95,6,25.904,0
CLI00310,Alta Renda,28,7,13.94,8,11.118,0
CLI00311,Alta Renda,88,8,10.65,0,3.788,1
CLI00312,Alta Renda,114,3,16.16,2,19.392,0
CLI00313,Family Office,80,5,9.8,0,768.019,0
CLI00314,Wealth,134,2,9.86,4,245.843,0
CLI00315,Private,93,3,15.92,4,23.714,0
CLI00316,Alta Renda,59,6,8.29,4,4.677,0
CLI00317,Alta Renda,94,5,12.55,2,7.053,0
CLI00318,Alta Renda,70,7,4.53,5,9.056,0
CLI00319,Alta Renda,81,4,19.14,5,9.473,0
CLI00320,Private,65,6,16.57,2,29.505,0
CLI00321,Private,98,5,23.05,1,37.158,0
CLI00322,Private,54,6,17.12,3,67.498,0
CLI00323,Alta Renda,40,3,6.76,6,9.134,0
CLI00324,Wealth,107,7,14.31,4,61.487,0
CLI00325,Private,16,4,7.64,2,27.758,0
CLI00326,Private,104,5,18.13,2,19.987,0
CLI00327,Private,115,1,6.88,3,42.521,0
CLI00328,Alta Renda,79,8,6.67,5,3.754,0
CLI00329,Alta Renda,14,4,4.74,0,9.15,0
CLI00330,Alta Renda,8,1,9.45,1,12.823,1
CLI00331,Private,90,6,8.6,4,35.599,1
CLI00332,Alta Renda,31,2,6.2,1,12.622,0
CLI00333,Alta Renda,77,4,19.86,1,3.421,0
CLI00334,Alta Renda,53,6,13.73,3,4.881,0
CLI00335,Alta Renda,122,1,13.23,4,3.941,0
CLI00336,Wealth,17,3,18.17,4,53.978,0
CLI00337,Private,138,3,12.58,0,24.941,0
CLI00338,Private,53,2,8.36,2,37.458,0
CLI00339,Alta Renda,42,8,4.36,4,8.439,0
CLI00340,Private,49,4,8.12,3,22.249,0
CLI00341,Private,20,4,17.82,3,20.368,0
CLI00342,Alta Renda,48,4,6.23,1,3.0,0
CLI00343,Alta Renda,92,8,12.98,4,3.775,0
CLI00344,Alta Renda,75,6,15.84,1,4.855,0
CLI00345,Private,51,7,12.7,4,8.959,0
CLI00346,Private,113,7,13.18,1,22.999,0
CLI00347,Alta Renda,128,2,14.25,1,3.0,0
CLI00348,Alta Renda,26,4,13.09,1,6.894,0
CLI00349,Private,112,6,18.26,0,9.725,0
CLI00350,Private,85,3,7.13,0,19.079,0
CLI00351,Wealth,52,1,12.51,1,112.121,0
CLI00352,Private,122,6,3.86,2,39.642,0
CLI00353,Alta Renda,129,8,2.79,2,3.0,0
CLI00354,Alta Renda,30,7,11.16,0,9.142,0
CLI00355,Private,41,7,13.78,3,11.349,0
CLI00356,Alta Renda,56,3,18.35,2,5.627,1
CLI00357,Private,20,3,21.66,4,24.986,0
CLI00358,Wealth,73,8,17.04,1,84.571,0
CLI00359,Private,26,1,14.55,1,29.122,0
CLI00360,Alta Renda,24,3,12.17,5,4.967,1
CLI00361,Private,39,2,5.07,1,24.265,0
CLI00362,Private,83,1,10.89,1,20.977,0
CLI00363,Private,130,3,16.92,3,34.037,0
CLI00364,Wealth,122,5,15.27,1,129.607,0
CLI00365,Alta Renda,57,6,6.1,5,5.433,0
CLI00366,Family Office,32,3,14.08,3,251.467,0
CLI00367,Wealth,40,2,13.72,2,154.386,0
CLI00368,Alta Renda,141,4,12.97,2,6.771,1
CLI00369,Alta Renda,111,3,11.38,4,9.699,0
CLI00370,Alta Renda,7,7,14.3,4,14.444,0
CLI00371,Alta Renda,82,7,14.43,1,12.226,0
CLI00372,Alta Renda,137,7,8.81,4,23.887,1
CLI00373,Private,95,4,13.41,1,36.991,0
CLI00374,Alta Renda,94,7,10.7,0,10.148,0
CLI00375,Alta Renda,99,5,5.25,3,7.562,0
CLI00376,Wealth,12,3,9.14,2,95.511,0
CLI00377,Alta Renda,100,8,4.93,1,5.444,0
CLI00378,Private,113,7,15.62,4,28.026,0
CLI00379,Alta Renda,79,1,12.99,2,5.545,0
CLI00380,Alta Renda,44,8,10.01,5,9.416,0
CLI00381,Private,76,4,17.47,3,21.688,0
CLI00382,Private,61,5,11.79,1,47.042,0
CLI00383,Wealth,47,1,5.49,3,51.704,0
CLI00384,Private,41,1,9.65,4,12.753,1
CLI00385,Private,89,1,18.36,3,42.293,0
CLI00386,Alta Renda,123,1,8.69,5,4.04,0
CLI00387,Alta Renda,12,8,12.66,4,7.939,0
CLI00388,Private,59,8,14.62,3,36.018,0
CLI00389,Private,134,3,13.98,1,31.551,0
CLI00390,Family Office,125,7,21.79,3,306.387,0
CLI00391,Alta Renda,111,6,6.56,1,6.928,0
CLI00392,Alta Renda,52,3,6.98,1,4.69,0
CLI00393,Private,128,3,6.63,4,27.834,1
CLI00394,Alta Renda,124,5,10.26,3,3.927,0
CLI00395,Wealth,123,5,16.12,3,176.852,0
CLI00396,Wealth,26,7,7.17,1,70.089,0
CLI00397,Alta Renda,142,6,16.18,6,28.064,0
CLI00398,Private,31,5,11.65,3,9.009,0
CLI00399,Private,14,7,6.84,1,64.368,0
CLI00400,Alta Renda,20,7,4.14,4,3.247,1
CLI00401,Wealth,15,8,5.08,1,62.525,0
CLI00402,Private,127,2,8.7,4,46.312,0
CLI00403,Private,126,8,10.79,4,15.727,0
CLI00404,Alta Renda,130,6,17.15,1,6.744,0
CLI00405,Wealth,77,5,14.86,1,120.688,0
CLI00406,Alta Renda,54,6,7.98,1,13.713,0
CLI00407,Alta Renda,96,3,13.22,2,9.364,0
CLI00408,Wealth,42,3,18.44,4,31.401,0
CLI00409,Alta Renda,73,6,19.37,3,5.395,0
CLI00410,Alta Renda,55,2,10.18,2,3.634,0
CLI00411,Wealth,24,2,15.52,6,141.819,0
CLI00412,Wealth,105,8,17.34,3,124.927,0
CLI00413,Private,65,6,5.17,1,44.145,0
CLI00414,Private,94,5,9.35,3,31.359,0
CLI00415,Alta Renda,74,8,20.82,1,7.518,0
CLI00416,Alta Renda,54,4,10.24,2,3.0,0
CLI00417,Alta Renda,113,2,-0.8,4,7.686,0
CLI00418,Private,124,1,10.99,3,19.735,0
CLI00419,Private,42,8,16.22,4,57.242,0
CLI00420,Private,16,3,11.53,3,21.622,0
CLI00421,Private,143,8,14.5,0,63.173,1
CLI00422,Alta Renda,83,6,15.44,7,7.135,0
CLI00423,Private,82,1,10.01,2,38.581,0
CLI00424,Alta Renda,7,6,9.32,4,12.61,0
CLI00425,Private,69,7,12.14,1,49.707,0
CLI00426,Alta Renda,40,3,12.25,3,3.732,0
CLI00427,Wealth,12,3,11.73,3,228.072,0
CLI00428,Alta Renda,90,2,11.9,5,5.859,0
CLI00429,Alta Renda,72,8,8.36,1,8.901,0
CLI00430,Alta Renda,47,2,14.65,3,7.838,0
CLI00431,Private,123,1,14.02,1,39.633,0
CLI00432,Private,130,8,5.89,0,38.546,0
CLI00433,Alta Renda,29,7,9.87,4,3.345,0
CLI00434,Alta Renda,51,6,11.89,3,4.903,0
CLI00435,Private,24,7,9.26,2,31.86,1
CLI00436,Alta Renda,73,3,14.18,2,15.118,0
CLI00437,Private,107,1,11.22,3,18.104,0
CLI00438,Private,47,4,12.21,2,29.07,0
CLI00439,Alta Renda,37,1,9.82,4,8.073,0
CLI00440,Alta Renda,114,5,3.13,2,3.0,0
CLI00441,Family Office,41,1,2.89,7,502.581,0
CLI00442,Alta Renda,102,7,13.98,3,11.378,0
CLI00443,Alta Renda,136,5,12.62,2,3.0,0
CLI00444,Private,78,5,13.34,3,48.523,0
CLI00445,Wealth,141,8,12.06,1,79.458,0
CLI00446,Family Office,102,8,12.4,3,951.829,0
CLI00447,Private,128,5,15.57,3,43.11,0
CLI00448,Alta Renda,75,4,13.37,3,5.912,0
CLI00449,Alta Renda,18,8,15.87,7,9.542,0
CLI00450,Private,54,1,12.22,3,37.824,1
CLI00451,Private,65,7,10.24,2,7.963,0
CLI00452,Alta Renda,135,1,12.32,1,13.646,0
CLI00453,Wealth,10,4,7.99,3,260.244,0
CLI00454,Alta Renda,32,3,9.9,2,3.0,0
CLI00455,Private,13,2,12.25,1,24.638,0
CLI00456,Alta Renda,55,7,12.19,3,10.353,0
CLI00457,Private,72,8,11.05,5,23.132,0
CLI00458,Alta Renda,49,7,5.67,4,11.244,0
CLI00459,Alta Renda,130,1,14.17,4,5.153,1
CLI00460,Alta Renda,63,2,15.0,5,7.359,0
CLI00461,Private,8,6,18.4,2,14.444,0
CLI00462,Private,91,6,13.36,3,48.157,0
CLI00463,Private,75,8,11.51,3,8.306,0
CLI00464,Family Office,135,4,7.25,4,2913.084,0
CLI00465,Alta Renda,7,6,17.77,1,3.0,0
CLI00466,Alta Renda,107,7,12.54,2,3.0,0
CLI00467,Wealth,40,6,12.31,2,155.205,0
CLI00468,Alta Renda,103,3,10.43,3,12.879,0
CLI00469,Family Office,35,3,10.16,1,581.403,0
CLI00470,Alta Renda,121,8,14.39,1,5.204,1
CLI00471,Family Office,13,3,7.21,5,187.731,0
CLI00472,Alta Renda,49,6,18.33,1,5.786,0
CLI00473,Wealth,41,4,17.41,1,108.101,0
CLI00474,Private,82,5,10.01,1,46.256,0
CLI00475,Family Office,36,5,7.87,1,373.829,0
CLI00476,Alta Renda,52,8,3.04,1,7.964,0
CLI00477,Private,60,2,6.24,1,62.162,0
CLI00478,Family Office,111,5,14.57,3,1030.909,0
CLI00479,Private,126,5,12.82,2,24.688,0
CLI00480,Private,60,3,13.57,5,26.779,0
CLI00481,Private,17,3,3.75,5,50.036,0
CLI00482,Private,141,6,9.84,2,17.708,0
CLI00483,Private,8,8,17.24,2,41.624,0
CLI00484,Private,35,2,11.1,4,16.143,0
CLI00485,Wealth,28,8,6.16,0,358.286,1
CLI00486,Alta Renda,97,1,11.03,2,5.724,0
CLI00487,Alta Renda,120,7,8.26,3,5.439,0
CLI00488,Wealth,109,2,12.9,3,117.023,0
CLI00489,Wealth,123,2,11.59,2,78.535,0
CLI00490,Private,10,4,13.78,2,13.487,0
CLI00491,Private,109,8,6.38,3,33.442,0
CLI00492,Alta Renda,113,6,9.62,1,8.696,0
CLI00493,Alta Renda,70,4,16.08,1,3.075,0
CLI00494,Private,126,2,5.81,3,27.555,0
CLI00495,Alta Renda,35,2,7.29,1,13.248,0
CLI00496,Private,89,2,12.34,6,9.97,0
CLI00497,Alta Renda,37,5,12.7,2,6.167,1
CLI00498,Family Office,21,8,9.45,6,329.565,0
CLI00499,Family Office,43,7,10.33,8,260.591,0
CLI00500,Private,41,7,13.74,1,65.457,0
CLI00501,Private,119,4,15.07,2,21.832,0
CLI00502,Alta Renda,71,2,7.01,1,4.026,0
CLI00503,Private,110,7,13.03,6,38.039,0
CLI00504,Private,90,3,17.85,3,73.355,0
CLI00505,Alta Renda,7,8,11.01,1,3.739,1
CLI00506,Wealth,80,7,6.96,2,119.221,0
CLI00507,Private,72,6,6.77,1,32.485,0
CLI00508,Wealth,60,8,10.82,5,77.49,0
CLI00509,Private,11,6,15.85,2,60.11,0
CLI00510,Private,91,7,11.33,2,16.683,1
CLI00511,Alta Renda,65,3,12.29,3,7.166,0
CLI00512,Wealth,106,6,7.32,3,140.239,1
CLI00513,Wealth,17,5,15.63,4,259.544,0
CLI00514,Alta Renda,54,7,6.69,2,5.915,1
CLI00515,Alta Renda,47,5,9.38,1,3.0,0
CLI00516,Alta Renda,87,7,14.15,3,5.027,0
CLI00517,Private,40,1,2.93,7,65.68,0
CLI00518,Family Office,139,1,12.23,2,1027.147,0
CLI00519,Alta Renda,72,1,7.14,2,4.486,0
CLI00520,Private,85,6,11.57,4,17.059,0
CLI00521,Alta Renda,12,5,10.02,5,14.012,0
CLI00522,Family Office,19,5,20.34,2,899.994,0
CLI00523,Wealth,78,5,9.85,4,109.429,0
CLI00524,Wealth,71,3,19.24,4,116.638,0
CLI00525,Private,96,5,13.97,1,19.876,0
CLI00526,Alta Renda,135,3,8.13,6,7.521,0
CLI00527,Alta Renda,25,1,12.89,5,16.594,1
CLI00528,Alta Renda,15,1,10.22,5,4.737,1
CLI00529,Wealth,30,6,12.52,6,184.762,0
CLI00530,Private,30,7,8.5,3,11.698,0
CLI00531,Family Office,59,1,18.6,1,231.874,1
CLI00532,Family Office,38,7,15.39,1,347.4,0
CLI00533,Private,100,7,11.63,6,32.893,0
CLI00534,Private,19,8,18.76,2,40.885,0
CLI00535,Wealth,70,6,11.81,4,237.98,0
CLI00536,Wealth,115,2,16.11,3,81.963,0
CLI00537,Alta Renda,85,2,11.66,7,5.964,0
CLI00538,Private,59,4,13.15,2,44.358,0
CLI00539,Alta Renda,130,8,11.16,4,8.658,0
CLI00540,Wealth,136,6,11.9,0,123.039,0
CLI00541,Private,139,4,12.22,1,11.861,0
CLI00542,Alta Renda,30,4,8.69,2,9.759,0
CLI00543,Private,122,8,9.82,7,35.065,0
CLI00544,Private,141,2,10.59,3,35.852,0
CLI00545,Alta Renda,30,6,12.46,4,10.407,1
CLI00546,Alta Renda,84,2,11.37,6,4.296,1
CLI00547,Private,73,4,16.43,4,40.491,0
CLI00548,Private,17,6,15.06,3,17.612,1
CLI00549,Private,37,4,10.68,1,6.228,0
CLI00550,Private,133,5,17.3,3,42.781,0
CLI00551,Wealth,101,8,19.37,2,185.295,0
CLI00552,Private,97,7,2.92,5,25.654,0
CLI00553,Private,36,6,15.42,3,33.127,0
CLI00554,Wealth,83,6,8.59,3,136.312,0
CLI00555,Alta Renda,25,7,14.86,0,4.363,0
CLI00556,Alta Renda,65,4,16.7,2,5.757,0
CLI00557,Alta Renda,139,5,7.82,4,15.806,1
CLI00558,Private,98,3,3.72,6,26.455,0
CLI00559,Private,48,7,15.01,3,32.23,0
CLI00560,Private,135,8,12.07,3,43.575,1
CLI00561,Alta Renda,65,2,4.49,1,4.037,1
CLI00562,Alta Renda,36,4,22.12,5,5.239,1
CLI00563,Alta Renda,10,7,14.12,6,10.458,0
CLI00564,Alta Renda,15,7,14.31,2,10.154,1
CLI00565,Private,94,6,17.24,0,9.189,0
CLI00566,Alta Renda,135,2,9.06,2,9.501,0
CLI00567,Alta Renda,131,2,12.05,4,7.318,0
CLI00568,Wealth,16,8,5.96,3,32.79,0
CLI00569,Alta Renda,61,2,8.95,4,3.897,0
CLI00570,Private,88,7,13.12,4,55.524,0
CLI00571,Private,142,3,4.51,6,25.101,0
CLI00572,Alta Renda,104,1,8.83,3,4.787,0
CLI00573,Private,78,4,7.6,2,74.325,1
CLI00574,Wealth,120,1,12.1,5,208.357,0
CLI00575,Wealth,12,7,13.91,5,154.525,0
CLI00576,Alta Renda,85,1,14.62,3,13.007,1
CLI00577,Wealth,102,7,15.7,3,161.83,0
CLI00578,Private,9,1,17.26,1,21.254,1
CLI00579,Alta Renda,9,2,14.05,4,10.712,0
CLI00580,Private,108,5,19.43,2,18.602,0
CLI00581,Family Office,45,2,12.0,5,1553.462,0
CLI00582,Private,22,2,10.77,4,25.616,0
CLI00583,Alta Renda,106,8,14.05,3,3.359,0
CLI00584,Private,108,6,10.59,3,37.796,0
CLI00585,Alta Renda,129,6,19.28,3,11.292,0
CLI00586,Alta Renda,57,1,16.25,3,14.379,0
CLI00587,Alta Renda,57,7,14.65,3,7.21,0
CLI00588,Alta Renda,129,8,12.05,3,8.85,0
CLI00589,Alta Renda,68,2,9.79,1,12.21,0
CLI00590,Alta Renda,121,8,14.45,4,4.774,0
CLI00591,Private,67,1,6.77,2,23.75,0
CLI00592,Alta Renda,12,6,17.94,4,25.209,0
CLI00593,Alta Renda,97,5,10.75,1,13.717,0
CLI00594,Wealth,19,4,12.78,5,50.683,0
CLI00595,Private,91,1,7.68,3,39.477,1
CLI00596,Private,138,8,14.54,3,22.196,0
CLI00597,Alta Renda,135,5,9.59,4,9.338,0
CLI00598,Alta Renda,67,4,14.23,2,6.868,0
CLI00599,Alta Renda,84,3,14.68,3,9.189,1
CLI00600,Alta Renda,143,1,8.78,1,3.0,0
CLI00601,Alta Renda,63,1,6.78,0,22.0,1
CLI00602,Alta Renda,125,3,17.93,4,13.024,0
CLI00603,Alta Renda,138,3,10.69,1,15.66,0
CLI00604,Alta Renda,70,1,12.44,3,7.119,0
CLI00605,Private,18,3,13.54,1,28.592,0
CLI00606,Alta Renda,87,2,6.23,2,5.742,0
CLI00607,Alta Renda,57,4,13.44,5,4.831,0
CLI00608,Private,122,4,11.92,2,107.14,0
CLI00609,Private,31,4,8.8,3,34.694,0
CLI00610,Alta Renda,39,2,6.64,0,10.95,0
CLI00611,Private,57,7,14.04,2,36.405,0
CLI00612,Private,117,3,16.24,3,11.573,1
CLI00613,Alta Renda,87,5,12.25,3,5.28,1
CLI00614,Wealth,47,3,5.48,7,121.454,0
CLI00615,Wealth,26,1,7.06,2,190.31,0
CLI00616,Alta Renda,47,6,9.69,2,6.315,0
CLI00617,Alta Renda,118,8,18.07,2,9.454,0
CLI00618,Private,110,8,10.46,2,63.104,0
CLI00619,Private,22,4,9.53,5,53.095,0
CLI00620,Alta Renda,125,3,4.47,3,4.871,0
CLI00621,Alta Renda,142,5,8.74,3,12.43,0
CLI00622,Alta Renda,134,1,6.32,2,6.932,0
CLI00623,Private,135,2,7.29,3,18.239,0
CLI00624,Private,65,7,12.0,5,52.47,0
CLI00625,Alta Renda,53,2,9.82,1,3.054,0
CLI00626,Private,34,5,18.64,2,34.127,0
CLI00627,Private,102,1,16.03,2,28.791,0
CLI00628,Alta Renda,15,4,8.94,1,4.842,0
CLI00629,Alta Renda,63,3,7.65,4,14.374,0
CLI00630,Private,26,1,17.31,5,60.751,1
CLI00631,Wealth,33,8,18.47,0,62.06,0
CLI00632,Private,39,7,2.28,3,20.59,0
CLI00633,Private,13,2,11.89,8,18.152,0
CLI00634,Alta Renda,84,7,10.44,0,4.181,0
CLI00635,Alta Renda,92,7,14.23,3,11.446,0
CLI00636,Private,93,5,19.66,4,31.714,0
CLI00637,Alta Renda,74,5,9.47,1,7.484,1
CLI00638,Alta Renda,92,3,2.85,4,6.369,0
CLI00639,Alta Renda,106,5,13.93,4,27.878,1
CLI00640,Alta Renda,13,5,17.34,4,3.454,0
CLI00641,Alta Renda,82,1,10.22,2,4.659,1
CLI00642,Alta Renda,92,8,8.54,5,6.91,0
CLI00643,Alta Renda,48,4,9.66,3,26.432,0
CLI00644,Alta Renda,134,3,15.07,3,6.919,0
CLI00645,Wealth,114,1,9.59,3,73.488,0
CLI00646,Private,22,4,12.88,2,38.442,0
CLI00647,Private,138,7,11.62,3,49.999,1
CLI00648,Private,26,1,11.18,0,25.575,0
CLI00649,Private,63,6,14.45,1,16.816,0
CLI00650,Alta Renda,115,1,9.49,1,8.14,0
CLI00651,Private,140,5,9.69,3,127.657,0
CLI00652,Private,33,4,14.85,5,14.589,0
CLI00653,Private,56,3,7.35,1,28.941,0
CLI00654,Alta Renda,10,3,7.8,6,5.819,0
CLI00655,Alta Renda,10,4,6.21,3,8.526,0
CLI00656,Alta Renda,99,5,15.07,2,6.021,0
CLI00657,Alta Renda,101,2,11.06,0,10.261,0
CLI00658,Private,13,1,5.98,6,44.702,0
CLI00659,Private,69,5,15.09,5,55.862,0
CLI00660,Alta Renda,143,6,9.17,3,10.716,0
CLI00661,Family Office,43,8,7.84,3,1180.819,0
CLI00662,Private,116,7,10.68,0,19.924,0
CLI00663,Alta Renda,117,4,17.71,1,6.154,1
CLI00664,Alta Renda,86,8,9.84,3,3.769,0
CLI00665,Alta Renda,141,1,13.92,2,7.37,0
CLI00666,Alta Renda,109,3,14.55,1,15.136,1
CLI00667,Alta Renda,78,7,13.36,5,4.443,0
CLI00668,Alta Renda,54,8,16.84,2,8.411,0
CLI00669,Alta Renda,41,2,8.53,4,3.607,0
CLI00670,Alta Renda,131,8,7.12,5,3.951,0
CLI00671,Wealth,73,6,7.04,4,192.441,0
CLI00672,Alta Renda,83,3,10.89,1,14.312,0
CLI00673,Private,110,4,7.52,3,9.091,0
CLI00674,Alta Renda,127,1,12.12,2,10.24,0
CLI00675,Family Office,124,4,11.82,4,281.129,0
CLI00676,Alta Renda,119,7,15.78,2,8.481,0
CLI00677,Alta Renda,15,1,12.72,5,3.0,1
CLI00678,Family Office,96,5,9.75,2,161.54,0
CLI00679,Wealth,7,2,13.23,4,71.298,0
CLI00680,Private,123,5,7.17,3,19.649,0
CLI00681,Alta Renda,18,5,11.34,2,5.165,0
CLI00682,Alta Renda,100,4,12.84,2,9.773,0
CLI00683,Private,37,7,12.04,3,46.946,0
CLI00684,Wealth,37,2,13.24,0,96.058,0
CLI00685,Private,129,8,8.8,2,41.046,0
CLI00686,Private,16,1,16.34,2,41.858,0
CLI00687,Alta Renda,15,1,19.15,3,3.155,0
CLI00688,Private,20,6,4.77,2,42.914,1
CLI00689,Alta Renda,22,3,6.39,0,5.762,0
CLI00690,Alta Renda,64,6,11.68,3,10.671,0
CLI00691,Alta Renda,83,8,10.42,5,3.049,1
CLI00692,Private,129,6,19.46,2,62.568,0
CLI00693,Alta Renda,119,1,12.42,2,3.0,0
CLI00694,Alta Renda,27,4,17.35,3,3.078,0
CLI00695,Private,37,5,2.89,3,17.578,0
CLI00696,Alta Renda,118,7,14.92,4,8.414,0
CLI00697,Private,125,5,8.49,1,13.646,0
CLI00698,Alta Renda,127,5,8.43,3,5.153,0
CLI00699,Private,37,2,10.46,2,34.97,0
CLI00700,Private,124,1,5.52,2,14.926,0
CLI00701,Alta Renda,44,8,13.36,0,11.346,1
CLI00702,Alta Renda,17,8,12.3,3,7.482,0
CLI00703,Alta Renda,23,7,12.62,3,19.692,0
CLI00704,Alta Renda,131,4,15.23,2,3.544,0
CLI00705,Family Office,141,2,17.86,1,784.412,0
CLI00706,Alta Renda,51,3,9.97,3,8.401,0
CLI00707,Private,109,4,13.5,4,13.14,1
CLI00708,Alta Renda,140,6,12.73,3,4.52,0
CLI00709,Private,91,4,13.09,5,58.357,0
CLI00710,Private,94,4,13.15,3,32.538,0
CLI00711,Private,27,5,18.18,3,28.483,0
CLI00712,Private,97,4,9.57,3,28.84,0
CLI00713,Alta Renda,34,8,5.09,1,9.738,0
CLI00714,Alta Renda,18,6,8.57,3,7.477,0
CLI00715,Wealth,7,6,14.68,2,56.147,0
CLI00716,Wealth,34,1,11.6,1,359.042,0
CLI00717,Family Office,32,4,9.54,3,528.332,0
CLI00718,Alta Renda,55,5,6.98,3,4.054,0
CLI00719,Private,100,4,12.43,6,26.272,0
CLI00720,Wealth,93,3,14.21,1,154.298,0
CLI00721,Alta Renda,49,3,12.78,4,6.42,0
CLI00722,Alta Renda,27,5,10.44,2,7.287,0
CLI00723,Private,102,1,12.12,4,58.122,0
CLI00724,Private,8,1,12.09,3,11.285,0
CLI00725,Wealth,123,6,12.3,5,93.174,0
CLI00726,Alta Renda,24,6,6.53,4,5.034,0
CLI00727,Private,28,2,12.33,2,11.008,0
CLI00728,Alta Renda,35,5,9.65,4,10.442,0
CLI00729,Alta Renda,44,4,15.87,2,3.97,0
CLI00730,Alta Renda,113,7,12.06,3,22.109,0
CLI00731,Private,116,5,15.01,1,15.965,0
CLI00732,Private,30,2,10.23,3,33.305,0
CLI00733,Private,133,6,10.38,3,82.716,0
CLI00734,Alta Renda,116,5,17.78,3,11.828,0
CLI00735,Wealth,141,5,13.33,3,82.511,0
CLI00736,Alta Renda,111,6,8.5,5,8.48,0
CLI00737,Private,77,8,15.27,2,47.165,0
CLI00738,Alta Renda,134,2,9.26,2,33.476,0
CLI00739,Alta Renda,113,6,12.45,1,5.905,0
CLI00740,Private,10,1,19.21,5,39.952,0
CLI00741,Alta Renda,8,4,5.49,4,9.798,0
CLI00742,Private,137,6,10.76,1,26.69,0
CLI00743,Private,109,2,13.21,3,12.587,0
CLI00744,Alta Renda,69,3,14.71,5,7.912,1
CLI00745,Wealth,111,1,6.29,3,49.503,0
CLI00746,Alta Renda,103,3,5.05,2,10.854,0
CLI00747,Private,15,7,16.08,5,38.138,0
CLI00748,Wealth,133,6,8.47,5,102.403,0
CLI00749,Private,51,1,8.3,4,94.423,1
CLI00750,Alta Renda,71,4,18.01,0,15.939,0
CLI00751,Wealth,117,6,11.79,3,169.486,0
CLI00752,Private,18,4,11.82,1,24.244,0
CLI00753,Alta Renda,142,8,10.74,0,9.467,0
CLI00754,Alta Renda,91,5,6.36,1,12.415,0
CLI00755,Private,95,3,14.34,4,20.001,0
CLI00756,Private,63,1,13.22,2,24.314,1
CLI00757,Private,59,4,12.21,8,40.127,0
CLI00758,Wealth,17,2,11.01,6,64.981,0
CLI00759,Private,19,4,10.27,3,29.941,0
CLI00760,Alta Renda,126,2,15.33,1,5.172,0
CLI00761,Alta Renda,126,6,10.91,3,6.25,0
CLI00762,Alta Renda,25,1,11.23,3,17.235,0
CLI00763,Private,80,4,13.73,3,48.338,0
CLI00764,Alta Renda,75,7,12.37,3,9.72,1
CLI00765,Private,61,4,18.4,3,27.444,0
CLI00766,Private,106,8,4.1,2,24.23,0
CLI00767,Wealth,137,7,12.76,2,117.811,0
CLI00768,Alta Renda,116,1,8.54,0,8.024,1
CLI00769,Private,130,8,7.54,3,32.124,1
CLI00770,Alta Renda,137,4,9.58,2,4.626,0
CLI00771,Wealth,25,2,11.73,4,86.633,0
CLI00772,Alta Renda,143,4,11.92,2,11.912,0
CLI00773,Alta Renda,29,3,5.13,3,4.554,0
CLI00774,Private,42,6,9.23,2,20.255,0
CLI00775,Alta Renda,59,5,12.68,3,3.873,0
CLI00776,Alta Renda,108,2,7.82,2,7.457,0
CLI00777,Private,43,3,6.82,2,79.572,1
CLI00778,Private,9,7,2.02,3,45.882,0
CLI00779,Private,62,6,8.71,3,14.474,0
CLI00780,Private,25,1,6.67,2,17.899,0
CLI00781,Private,22,2,7.37,3,39.307,0
CLI00782,Alta Renda,124,5,10.36,5,3.0,0
CLI00783,Alta Renda,76,6,8.98,1,9.796,0
CLI00784,Alta Renda,9,7,6.6,2,8.613,0
CLI00785,Wealth,19,8,2.61,2,269.766,0
CLI00786,Private,8,8,12.77,3,31.255,0
CLI00787,Alta Renda,85,5,14.66,3,5.765,0
CLI00788,Private,60,1,9.83,4,33.573,0
CLI00789,Wealth,137,1,10.38,1,72.721,0
CLI00790,Alta Renda,125,7,11.51,1,6.06,0
CLI00791,Private,29,2,18.13,2,24.951,0
CLI00792,Private,87,7,4.92,3,36.793,0
CLI00793,Private,65,4,9.76,2,25.306,0
CLI00794,Alta Renda,54,1,4.27,2,6.555,0
CLI00795,Wealth,68,6,13.02,3,182.296,0
CLI00796,Wealth,115,4,10.9,3,272.216,1
CLI00797,Private,114,8,12.35,5,39.261,0
CLI00798,Private,81,8,12.14,0,44.524,0
CLI00799,Wealth,35,3,15.66,8,86.086,0
CLI00800,Private,63,5,13.76,4,73.424,0
CLI00801,Alta Renda,122,4,14.99,1,4.535,0
CLI00802,Private,105,5,7.02,6,20.561,1
CLI00803,Private,24,7,16.51,0,27.814,1
CLI00804,Alta Renda,99,4,8.47,7,7.748,0
CLI00805,Private,118,7,8.71,1,13.475,0
CLI00806,Wealth,68,3,12.64,3,75.031,0
CLI00807,Wealth,121,1,12.77,1,200.384,0
CLI00808,Private,118,8,7.0,1,83.76,0
CLI00809,Alta Renda,52,3,10.77,1,6.103,0
CLI00810,Family Office,62,8,17.75,8,738.183,0
CLI00811,Wealth,123,1,5.33,1,34.56,0
CLI00812,Alta Renda,50,7,17.74,3,7.447,0
CLI00813,Wealth,9,1,10.48,4,145.528,0
CLI00814,Wealth,52,8,1.68,3,39.509,0
CLI00815,Private,52,8,5.76,3,8.558,0
CLI00816,Private,83,5,7.45,4,76.855,0
CLI00817,Alta Renda,129,6,8.88,5,6.425,0
CLI00818,Alta Renda,80,3,11.06,6,5.766,0
CLI00819,Alta Renda,108,4,0.15,3,8.159,0
CLI00820,Private,142,8,12.28,2,29.615,0
CLI00821,Alta Renda,95,3,7.07,3,10.757,0
CLI00822,Alta Renda,74,5,17.34,6,5.245,0
CLI00823,Alta Renda,66,1,10.37,2,8.701,0
CLI00824,Private,143,5,15.46,4,35.991,0
CLI00825,Wealth,55,2,16.16,3,243.483,0
CLI00826,Alta Renda,8,2,16.05,1,9.315,1
CLI00827,Alta Renda,112,4,9.12,3,3.455,0
CLI00828,Private,118,5,9.07,3,25.351,0
CLI00829,Private,99,7,10.56,2,28.527,0
CLI00830,Alta Renda,123,4,14.17,3,11.977,0
CLI00831,Private,86,7,9.36,5,39.847,0
CLI00832,Alta Renda,114,4,11.0,4,21.692,1
CLI00833,Alta Renda,56,2,12.65,4,6.669,0
CLI00834,Private,40,4,7.7,5,10.488,0
CLI00835,Alta Renda,51,2,7.43,2,6.371,0
CLI00836,Wealth,74,8,10.84,8,93.374,0
CLI00837,Alta Renda,98,1,11.39,4,6.226,0
CLI00838,Private,69,7,13.32,1,18.933,1
CLI00839,Private,54,5,14.32,4,16.864,0
CLI00840,Alta Renda,79,8,6.88,4,9.848,1
CLI00841,Private,10,8,8.09,1,36.622,0
CLI00842,Alta Renda,105,4,7.42,1,9.271,0
CLI00843,Family Office,75,2,17.43,5,1013.572,0
CLI00844,Alta Renda,95,3,10.99,4,3.0,0
CLI00845,Alta Renda,9,7,11.57,2,4.347,0
CLI00846,Alta Renda,131,8,11.74,2,9.253,1
CLI00847,Family Office,44,4,8.49,2,332.814,1
CLI00848,Private,134,6,18.07,5,28.073,0
CLI00849,Private,29,1,13.23,4,40.571,0
CLI00850,Alta Renda,62,1,11.67,3,6.463,0
CLI00851,Private,105,3,6.86,4,30.91,0
CLI00852,Alta Renda,75,2,6.62,6,3.686,0
CLI00853,Wealth,46,4,10.2,2,103.697,0
CLI00854,Alta Renda,65,7,8.56,4,15.975,0
CLI00855,Alta Renda,113,2,7.02,3,4.509,0
CLI00856,Alta Renda,62,1,9.94,3,7.139,1
CLI00857,Private,36,2,10.59,1,52.845,0
CLI00858,Private,89,1,12.1,4,17.958,0
CLI00859,Alta Renda,41,2,9.38,0,6.37,1
CLI00860,Private,113,3,7.27,4,28.994,0
CLI00861,Private,111,5,7.41,1,54.479,1
CLI00862,Private,91,3,16.59,1,48.318,0
CLI00863,Alta Renda,140,3,6.24,3,3.868,0
CLI00864,Alta Renda,19,5,13.03,2,7.75,0
CLI00865,Private,125,5,13.68,1,11.524,1
CLI00866,Alta Renda,143,8,10.99,2,8.685,0
CLI00867,Alta Renda,85,8,18.92,2,5.412,0
CLI00868,Wealth,111,4,13.61,4,68.698,0
CLI00869,Wealth,75,7,19.24,5,39.32,0
CLI00870,Alta Renda,49,7,8.77,3,5.818,0
CLI00871,Alta Renda,78,4,8.84,3,9.739,0
CLI00872,Private,50,3,13.72,1,15.173,0
CLI00873,Alta Renda,112,3,10.4,0,3.0,1
CLI00874,Alta Renda,89,1,18.58,2,4.398,0
CLI00875,Alta Renda,87,1,12.94,7,7.872,0
CLI00876,Private,112,7,7.11,0,26.659,0
CLI00877,Private,26,4,4.21,1,24.32,0
CLI00878,Alta Renda,12,6,11.17,8,5.239,1
CLI00879,Alta Renda,75,8,11.13,3,5.198,0
CLI00880,Alta Renda,132,6,12.82,6,11.494,0
CLI00881,Private,125,4,16.58,2,26.922,0
CLI00882,Alta Renda,133,1,16.03,4,4.941,0
CLI00883,Alta Renda,62,7,9.07,4,20.79,0
CLI00884,Private,63,7,6.07,3,45.147,1
CLI00885,Alta Renda,26,1,6.32,4,3.0,0
CLI00886,Private,87,6,8.41,3,33.309,0
CLI00887,Alta Renda,74,2,9.96,3,3.0,1
CLI00888,Alta Renda,136,2,12.78,3,11.351,0
CLI00889,Alta Renda,92,1,8.14,2,4.074,0
CLI00890,Private,54,2,12.68,7,34.495,0
CLI00891,Wealth,120,5,13.02,3,250.458,0
CLI00892,Wealth,94,4,12.1,1,98.425,0
CLI00893,Alta Renda,90,4,6.76,4,4.112,0
CLI00894,Private,133,1,13.46,2,41.87,0
CLI00895,Alta Renda,122,3,20.24,3,12.031,0
CLI00896,Alta Renda,132,8,12.53,2,5.325,0
CLI00897,Wealth,76,6,-0.9,3,885.524,0
CLI00898,Alta Renda,91,1,16.71,2,11.549,0
CLI00899,Alta Renda,38,2,8.55,4,5.004,0
CLI00900,Alta Renda,86,6,21.02,1,8.545,0
CLI00901,Alta Renda,66,3,11.99,3,5.284,0
CLI00902,Alta Renda,66,2,4.42,4,4.221,0
CLI00903,Private,103,7,2.83,4,53.341,0
CLI00904,Alta Renda,33,8,17.97,2,18.133,0
CLI00905,Wealth,48,5,16.14,2,64.966,0
CLI00906,Private,91,2,20.85,4,4.475,0
CLI00907,Alta Renda,22,5,11.55,4,12.935,0
CLI00908,Alta Renda,103,6,11.26,1,4.694,0
CLI00909,Alta Renda,103,5,9.89,5,6.346,0
CLI00910,Private,70,6,8.74,4,22.203,0
CLI00911,Alta Renda,79,6,9.85,3,15.766,0
CLI00912,Private,90,6,12.41,6,16.485,0
CLI00913,Alta Renda,10,6,7.96,3,4.065,0
CLI00914,Private,7,6,4.49,2,37.24,0
CLI00915,Alta Renda,27,2,12.17,3,4.188,0
CLI00916,Alta Renda,117,6,7.86,1,9.065,1
CLI00917,Wealth,62,2,-2.11,2,72.25,1
CLI00918,Private,71,6,13.82,1,21.22,0
CLI00919,Alta Renda,79,5,6.85,1,24.402,0
CLI00920,Wealth,103,7,14.28,3,61.392,1
CLI00921,Private,117,6,14.18,3,29.304,0
CLI00922,Wealth,130,3,12.69,6,98.099,0
CLI00923,Private,91,6,21.99,1,46.688,0
CLI00924,Alta Renda,81,6,10.92,7,7.21,0
CLI00925,Alta Renda,93,5,10.3,3,12.47,0
CLI00926,Alta Renda,43,8,14.37,0,4.0,1
CLI00927,Private,64,4,11.27,4,19.5,0
CLI00928,Private,143,5,16.37,1,34.81,0
CLI00929,Alta Renda,104,3,6.17,0,8.538,0
CLI00930,Alta Renda,68,4,6.24,3,5.744,0
CLI00931,Wealth,54,1,14.72,4,306.241,0
CLI00932,Family Office,37,1,6.61,2,480.329,0
CLI00933,Private,140,8,14.06,3,71.129,0
CLI00934,Alta Renda,26,3,13.05,6,19.542,0
CLI00935,Alta Renda,25,5,8.58,3,16.864,0
CLI00936,Alta Renda,132,2,13.04,2,24.522,0
CLI00937,Wealth,73,3,6.31,1,212.102,0
CLI00938,Alta Renda,115,7,7.3,2,4.775,0
CLI00939,Private,121,4,10.5,0,46.117,0
CLI00940,Alta Renda,125,4,11.83,4,7.138,0
CLI00941,Private,84,6,10.22,3,10.813,0
CLI00942,Private,121,1,13.32,1,23.504,0
CLI00943,Private,97,8,13.13,4,34.664,0
CLI00944,Alta Renda,19,4,17.92,0,8.604,0
CLI00945,Alta Renda,130,3,11.1,2,4.879,0
CLI00946,Alta Renda,63,4,16.52,6,7.523,0
CLI00947,Wealth,33,8,15.37,2,41.369,0
CLI00948,Wealth,31,8,21.13,3,240.605,0
CLI00949,Private,118,8,10.97,4,39.012,0
CLI00950,Private,71,3,9.73,1,24.066,0
CLI00951,Private,136,2,16.78,5,19.074,0
CLI00952,Alta Renda,49,6,13.12,3,11.54,0
CLI00953,Wealth,102,1,16.88,3,171.451,0
CLI00954,Alta Renda,47,4,14.51,0,5.172,0
CLI00955,Alta Renda,11,3,2.65,2,4.754,0
CLI00956,Private,28,5,13.08,1,29.162,0
CLI00957,Alta Renda,94,1,12.81,1,4.584,1
CLI00958,Alta Renda,128,2,12.06,2,3.343,0
CLI00959,Private,56,3,10.94,8,14.586,0
CLI00960,Alta Renda,16,7,4.81,3,11.197,0
CLI00961,Private,17,7,15.17,2,54.166,0
CLI00962,Alta Renda,79,6,13.07,2,4.748,0
CLI00963,Alta Renda,13,6,16.13,3,4.481,0
CLI00964,Alta Renda,46,2,5.04,3,9.364,0
CLI00965,Alta Renda,90,2,13.63,5,6.959,0
CLI00966,Private,77,6,10.51,3,85.92,0
CLI00967,Alta Renda,60,4,12.1,3,5.243,0
CLI00968,Private,142,4,10.56,6,35.482,1
CLI00969,Private,52,3,13.78,1,24.355,0
CLI00970,Private,109,5,10.82,2,49.242,0
CLI00971,Wealth,47,3,7.08,5,150.413,0
CLI00972,Private,65,5,11.86,3,44.494,0
CLI00973,Alta Renda,17,2,10.6,3,10.933,0
CLI00974,Alta Renda,135,1,11.15,2,5.129,0
CLI00975,Alta Renda,12,3,-1.89,3,3.0,0
CLI00976,Private,85,3,14.37,3,23.733,0
CLI00977,Alta Renda,136,5,10.18,3,14.573,0
CLI00978,Private,114,8,5.84,6,27.208,1
CLI00979,Private,8,2,15.37,0,19.424,0
CLI00980,Alta Renda,32,2,14.17,3,4.439,0
CLI00981,Private,119,7,10.13,2,30.908,1
CLI00982,Alta Renda,112,8,6.66,4,4.714,0
CLI00983,Alta Renda,45,5,12.25,0,4.725,0
CLI00984,Private,134,2,12.02,2,33.5,0
CLI00985,Private,13,8,15.38,3,17.534,0
CLI00986,Private,106,6,9.64,2,14.693,0
CLI00987,Alta Renda,129,8,16.52,0,7.233,0
CLI00988,Alta Renda,112,4,9.23,2,6.02,0
CLI00989,Private,106,7,5.85,3,12.637,1
CLI00990,Private,9,6,6.74,3,35.95,0
CLI00991,Private,115,1,11.24,2,27.808,0
CLI00992,Alta Renda,24,3,11.22,10,12.053,0
CLI00993,Private,37,7,12.88,3,26.631,0
CLI00994,Alta Renda,142,1,11.12,3,17.3,0
CLI00995,Alta Renda,17,3,15.6,1,4.818,1
CLI00996,Wealth,51,4,10.4,4,70.508,0
CLI00997,Alta Renda,124,8,3.12,2,4.179,1
CLI00998,Wealth,21,2,10.99,1,73.998,0
CLI00999,Alta Renda,134,6,3.07,2,5.253,0
CLI01000,Alta Renda,68,5,12.64,0,8.912,0
CLI01001,Private,114,6,15.94,0,37.0,0
CLI01002,Wealth,124,4,7.36,4,120.25,1
CLI01003,Private,26,1,17.46,2,16.308,0
CLI01004,Private,18,5,15.04,4,14.732,1
CLI01005,Private,9,2,16.57,2,32.358,0
CLI01006,Private,107,4,12.3,1,9.924,0
CLI01007,Wealth,64,5,7.33,2,76.778,0
CLI01008,Alta Renda,133,4,14.78,2,6.566,0
CLI01009,Private,32,8,8.88,3,23.97,0
CLI01010,Alta Renda,74,4,12.0,1,5.316,0
CLI01011,Family Office,30,2,10.78,2,346.413,0
CLI01012,Wealth,136,7,16.22,3,258.189,0
CLI01013,Alta Renda,102,3,14.57,2,3.43,1
CLI01014,Private,30,5,11.16,1,122.986,0
CLI01015,Wealth,131,8,3.3,3,74.672,0
CLI01016,Alta Renda,138,2,8.83,6,3.0,0
CLI01017,Private,14,4,14.46,5,12.467,0
CLI01018,Wealth,121,8,12.68,0,31.034,0
CLI01019,Alta Renda,139,2,5.19,2,4.028,0
CLI01020,Private,65,7,3.91,2,21.636,0
CLI01021,Alta Renda,126,8,12.32,10,14.032,0
CLI01022,Wealth,113,8,7.06,1,47.207,0
CLI01023,Family Office,113,3,7.46,1,355.21,0
CLI01024,Wealth,136,6,14.32,3,49.196,0
CLI01025,Private,81,5,16.55,4,7.834,0
CLI01026,Wealth,35,3,8.35,2,92.694,0
CLI01027,Wealth,26,1,11.31,3,126.586,1
CLI01028,Alta Renda,39,5,11.19,3,8.897,0
CLI01029,Private,46,3,10.81,1,24.336,0
CLI01030,Alta Renda,56,4,11.67,0,6.3,0
CLI01031,Private,87,5,14.68,1,91.115,0
CLI01032,Alta Renda,63,5,8.67,3,10.457,0
CLI01033,Alta Renda,80,2,5.09,7,3.447,0
CLI01034,Alta Renda,28,4,18.6,4,7.222,1
CLI01035,Private,133,1,16.08,6,37.053,0
CLI01036,Alta Renda,22,6,6.86,4,3.0,0
CLI01037,Private,74,8,12.07,2,19.374,1
CLI01038,Alta Renda,113,7,15.74,1,8.467,0
CLI01039,Alta Renda,99,3,14.65,2,8.074,0
CLI01040,Private,20,2,13.44,5,103.653,0
CLI01041,Private,96,3,10.79,5,9.843,0
CLI01042,Alta Renda,38,1,18.75,2,8.18,0
CLI01043,Private,130,8,12.43,5,36.766,0
CLI01044,Wealth,21,1,9.34,3,113.915,0
CLI01045,Private,71,5,15.16,0,29.112,0
CLI01046,Alta Renda,52,7,11.9,7,13.304,1
CLI01047,Alta Renda,129,1,12.97,2,10.726,0
CLI01048,Wealth,6,3,12.35,5,148.424,0
CLI01049,Alta Renda,92,4,13.59,1,3.6,0
CLI01050,Wealth,133,4,7.39,1,93.363,0
CLI01051,Private,72,5,5.41,1,24.143,0
CLI01052,Wealth,9,6,17.52,2,95.535,0
CLI01053,Private,52,3,12.55,2,45.443,0
CLI01054,Family Office,43,3,14.74,1,965.17,0
CLI01055,Alta Renda,26,1,4.11,1,13.415,0
CLI01056,Private,62,7,15.98,3,13.777,0
CLI01057,Alta Renda,122,3,9.31,3,6.238,1
CLI01058,Private,51,2,8.11,6,33.777,0
CLI01059,Private,44,6,11.23,5,31.299,0
CLI01060,Wealth,142,1,7.39,3,343.501,0
CLI01061,Family Office,104,2,11.49,2,718.971,0
CLI01062,Private,82,5,10.93,0,16.603,0
CLI01063,Alta Renda,120,4,15.95,0,3.0,0
CLI01064,Alta Renda,139,5,17.86,0,6.594,0
CLI01065,Private,96,4,17.72,5,90.216,0
CLI01066,Alta Renda,103,5,1.99,2,9.992,0
CLI01067,Alta Renda,125,3,7.57,2,4.008,0
CLI01068,Alta Renda,51,2,1.95,2,14.57,0
CLI01069,Alta Renda,43,4,6.49,3,4.213,0
CLI01070,Alta Renda,105,1,8.77,4,5.373,0
CLI01071,Alta Renda,77,2,13.22,1,4.856,0
CLI01072,Alta Renda,40,1,9.32,7,3.0,0
CLI01073,Alta Renda,35,2,9.43,6,4.054,0
CLI01074,Family Office,83,2,12.26,2,217.655,0
CLI01075,Alta Renda,89,5,4.32,2,4.732,0
CLI01076,Alta Renda,118,4,7.98,3,6.517,0
CLI01077,Private,30,4,9.39,4,25.106,0
CLI01078,Alta Renda,93,7,10.65,2,3.0,0
CLI01079,Wealth,19,2,11.82,2,240.799,0
CLI01080,Private,107,3,17.8,1,25.765,0
CLI01081,Alta Renda,88,3,15.32,4,10.381,1
CLI01082,Alta Renda,115,1,8.27,6,10.325,0
CLI01083,Wealth,136,1,10.4,3,143.434,0
CLI01084,Wealth,24,5,10.12,3,199.6,0
CLI01085,Private,33,2,9.34,2,15.114,0
CLI01086,Private,76,1,12.64,5,25.386,0
CLI01087,Alta Renda,68,1,3.69,2,13.406,0
CLI01088,Family Office,78,6,15.2,3,1079.815,0
CLI01089,Alta Renda,129,2,18.61,3,3.082,0
CLI01090,Wealth,124,8,10.37,2,31.451,0
CLI01091,Private,126,5,10.28,1,113.642,0
CLI01092,Private,24,1,12.16,1,24.061,0
CLI01093,Private,125,5,15.78,4,38.223,0
CLI01094,Alta Renda,66,4,10.14,1,5.959,0
CLI01095,Alta Renda,35,5,15.42,3,11.748,0
CLI01096,Alta Renda,14,8,13.55,2,12.318,0
CLI01097,Alta Renda,69,3,21.42,1,15.789,0
CLI01098,Private,125,8,10.12,6,49.528,0
CLI01099,Alta Renda,57,3,3.2,2,7.407,0
CLI01100,Alta Renda,94,5,5.48,4,6.788,0
CLI01101,Family Office,58,3,11.55,4,508.733,0
CLI01102,Wealth,83,4,15.82,7,64.446,0
CLI01103,Wealth,46,2,8.76,2,83.059,0
CLI01104,Family Office,73,3,10.53,8,1115.199,0
CLI01105,Alta Renda,13,3,14.38,3,3.0,0
CLI01106,Alta Renda,7,5,7.45,4,12.574,0
CLI01107,Private,110,4,8.93,4,25.112,0
CLI01108,Private,130,7,6.6,5,21.899,1
CLI01109,Alta Renda,115,7,16.45,1,5.434,0
CLI01110,Private,91,7,17.98,3,37.172,0
CLI01111,Alta Renda,125,7,4.87,2,7.132,0
CLI01112,Alta Renda,132,2,10.9,1,6.875,1
CLI01113,Private,21,8,17.41,2,24.227,0
CLI01114,Private,67,5,13.17,2,22.945,0
CLI01115,Private,118,5,9.45,1,49.212,0
CLI01116,Alta Renda,17,6,5.01,7,3.0,0
CLI01117,Wealth,40,4,16.34,3,64.941,0
CLI01118,Alta Renda,16,7,13.01,1,4.48,0
CLI01119,Alta Renda,69,2,5.31,1,8.985,0
CLI01120,Wealth,55,4,16.5,1,40.276,0
CLI01121,Wealth,74,7,4.78,4,144.58,0
CLI01122,Wealth,53,2,10.57,6,270.756,0
CLI01123,Private,25,4,10.39,6,26.858,0
CLI01124,Private,106,5,18.3,0,57.983,0
CLI01125,Private,142,5,10.4,7,26.497,0
CLI01126,Alta Renda,73,8,10.39,3,6.815,0
CLI01127,Alta Renda,40,1,5.78,2,9.024,1
CLI01128,Alta Renda,70,8,8.81,4,10.773,0
CLI01129,Alta Renda,13,3,8.07,1,4.451,1
CLI01130,Private,50,8,8.29,1,12.704,0
CLI01131,Private,92,7,11.53,2,3.585,0
CLI01132,Alta Renda,81,6,1.28,0,5.273,0
CLI01133,Alta Renda,81,4,5.16,6,6.477,0
CLI01134,Private,52,6,11.03,3,9.294,0
CLI01135,Alta Renda,20,1,12.01,4,10.712,0
CLI01136,Wealth,110,3,10.52,2,109.088,0
CLI01137,Private,31,4,11.33,1,10.305,1
CLI01138,Private,57,2,9.78,0,32.856,0
CLI01139,Private,98,7,11.42,4,15.633,0
CLI01140,Private,26,3,13.32,0,8.565,0
CLI01141,Alta Renda,56,5,13.29,3,6.154,0
CLI01142,Private,43,1,8.61,4,25.885,0
CLI01143,Private,25,3,15.34,2,14.63,0
CLI01144,Alta Renda,137,7,12.16,0,3.0,0
CLI01145,Wealth,60,8,16.68,1,167.637,0
CLI01146,Private,97,3,17.52,1,36.968,0
CLI01147,Private,33,8,5.44,4,36.422,0
CLI01148,Wealth,9,7,7.89,0,107.0,0
CLI01149,Wealth,81,5,14.92,2,82.551,0
CLI01150,Private,72,4,4.51,3,38.809,0
CLI01151,Wealth,91,2,17.46,3,199.928,0
CLI01152,Private,96,5,10.06,2,6.033,0
CLI01153,Private,110,8,13.92,1,28.773,0
CLI01154,Private,6,8,11.01,0,26.033,0
CLI01155,Private,77,2,5.65,2,13.453,0
CLI01156,Alta Renda,92,4,15.93,3,6.277,0
CLI01157,Wealth,11,3,23.05,4,43.474,1
CLI01158,Wealth,66,2,9.34,4,32.762,0
CLI01159,Alta Renda,17,1,10.15,1,10.477,0
CLI01160,Private,11,1,0.37,0,7.766,0
CLI01161,Alta Renda,32,7,17.18,3,14.765,0
CLI01162,Alta Renda,141,5,15.33,4,8.168,0
CLI01163,Private,129,8,4.22,0,26.232,0
CLI01164,Alta Renda,111,4,2.83,1,3.091,0
CLI01165,Private,98,7,3.31,4,53.02,0
CLI01166,Wealth,114,5,14.21,2,43.077,0
CLI01167,Private,104,5,14.63,5,5.949,0
CLI01168,Alta Renda,40,7,7.62,4,5.598,0
CLI01169,Alta Renda,89,6,13.6,3,9.09,0
CLI01170,Private,61,5,12.17,4,16.991,0
CLI01171,Family Office,54,6,9.96,4,319.468,0
CLI01172,Private,51,1,15.57,5,30.299,0
CLI01173,Alta Renda,118,1,6.44,1,11.272,0
CLI01174,Private,141,5,16.32,1,54.99,0
CLI01175,Private,48,1,8.44,2,23.215,0
CLI01176,Private,129,4,18.98,2,89.193,0
CLI01177,Alta Renda,102,6,7.28,2,9.252,0
CLI01178,Private,95,6,10.02,3,9.535,0
CLI01179,Private,44,5,11.75,1,8.348,0
CLI01180,Family Office,90,1,11.72,4,340.015,1
CLI01181,Alta Renda,67,2,13.56,2,6.095,0
CLI01182,Private,111,8,6.1,0,51.565,0
CLI01183,Wealth,112,7,11.34,1,191.581,0
CLI01184,Alta Renda,59,7,12.08,4,11.224,1
CLI01185,Wealth,131,6,9.28,3,116.416,0
CLI01186,Private,14,5,13.2,2,6.838,0
CLI01187,Alta Renda,93,5,5.85,3,4.921,0
CLI01188,Alta Renda,42,4,10.13,2,7.748,0
CLI01189,Private,54,3,8.34,1,36.934,0
CLI01190,Alta Renda,46,8,10.14,1,10.573,0
CLI01191,Private,22,3,17.58,4,23.464,0
CLI01192,Alta Renda,93,6,17.66,3,9.612,0
CLI01193,Private,26,7,16.84,4,16.307,0
CLI01194,Alta Renda,56,4,9.56,4,9.732,0
CLI01195,Wealth,64,4,15.31,2,140.503,0
CLI01196,Family Office,46,4,11.97,4,775.239,0
CLI01197,Family Office,44,6,11.69,4,301.705,0
CLI01198,Private,16,3,11.18,4,21.676,0
CLI01199,Alta Renda,82,7,18.89,3,9.598,0
