cliente_id,segmento,meses_cliente,qtd_produtos,retorno_12m_pct,freq_contato_mes,saldo_bi,churn,assessor_id,risco_saida_assessor,auc_exposto,dias_desde_ultimo_contato,variacao_freq_contato_3m,tempo_resposta_medio_horas,qtd_emails_marketing_recebidos
CLI00000,Varejo,125,6,7.89,4,1.7262,1,ADV0112,0,0.0,37.8,-0.349,8.0,4
CLI00001,Wealth,7,6,7.17,7,0.1693,0,ADV0285,0,0.0,12.4,-0.036,11.3,3
CLI00002,Alta Renda,29,6,9.69,0,0.0974,0,ADV0220,0,0.0,3.5,0.356,16.4,2
CLI00003,Varejo,139,1,11.86,2,0.5976,0,ADV0180,0,0.0,1.3,0.124,21.0,5
CLI00004,Varejo,33,2,5.7,2,0.1295,0,ADV0048,0,0.0,5.5,-0.291,2.0,3
CLI00005,Varejo,134,1,17.32,2,0.0495,1,ADV0048,0,0.0,21.3,-0.272,34.7,4
CLI00006,Varejo,111,5,14.34,4,0.0819,1,ADV0019,0,0.0,9.5,-0.082,55.0,1
CLI00007,Alta Renda,79,4,9.97,0,0.2481,0,ADV0259,0,0.0,23.3,-0.258,17.6,6
CLI00008,Varejo,58,6,7.71,1,0.0921,0,ADV0180,0,0.0,20.3,-0.023,29.9,3
CLI00009,Alta Renda,26,2,11.13,3,0.1015,0,ADV0213,1,0.1015,12.1,-0.064,24.5,1
CLI00010,Varejo,29,3,15.28,2,0.0435,0,ADV0007,0,0.0,7.5,-0.08,20.6,2
CLI00011,Wealth,4,8,14.63,3,1.0682,0,ADV0291,0,0.0,10.9,-0.09,25.1,5
CLI00012,Alta Renda,99,3,15.95,4,0.1059,0,ADV0250,0,0.0,16.7,0.324,27.8,4
CLI00013,Varejo,141,4,9.48,6,0.0655,0,ADV0065,0,0.0,4.4,-0.08,28.5,9
CLI00014,Varejo,39,2,-0.78,2,0.0753,1,ADV0057,0,0.0,37.0,-0.431,9.4,8
CLI00015,Varejo,15,1,16.74,2,0.4692,0,ADV0057,0,0.0,16.6,-0.013,26.1,0
CLI00016,Varejo,119,1,10.8,3,0.3482,0,ADV0092,0,0.0,17.9,-0.111,11.2,5
CLI00017,Varejo,29,5,14.3,4,0.0861,1,ADV0158,0,0.0,22.1,0.0,29.1,3
CLI00018,Varejo,75,5,18.51,3,0.1724,0,ADV0130,0,0.0,30.3,0.014,18.6,7
CLI00019,Varejo,116,1,21.72,3,0.2369,1,ADV0088,0,0.0,17.9,0.12,25.2,1
CLI00020,Varejo,32,3,8.77,3,0.0662,0,ADV0183,0,0.0,21.1,-0.189,31.6,6
CLI00021,Varejo,130,8,12.06,2,0.0223,0,ADV0042,0,0.0,7.6,-0.045,7.5,8
CLI00022,Varejo,84,6,17.24,5,0.3229,1,ADV0089,0,0.0,42.3,-0.369,17.5,4
CLI00023,Varejo,22,3,7.95,2,0.0711,1,ADV0110,1,0.0711,25.0,-0.024,43.4,4
CLI00024,Varejo,27,8,9.06,1,0.293,0,ADV0138,0,0.0,7.6,0.036,14.8,6
CLI00025,Alta Renda,81,5,9.03,3,0.2509,0,ADV0236,0,0.0,9.2,0.037,10.4,5
CLI00026,Varejo,126,4,11.38,4,0.1777,0,ADV0062,1,0.1777,2.0,0.092,12.7,3
CLI00027,Varejo,92,8,10.58,2,0.095,0,ADV0155,1,0.095,9.2,0.123,10.3,4
CLI00028,Varejo,21,1,9.01,2,0.0725,1,ADV0178,0,0.0,16.9,0.087,24.4,7
CLI00029,Varejo,47,5,7.44,2,0.0376,1,ADV0016,0,0.0,22.7,-0.096,17.8,6
CLI00030,Varejo,101,5,14.91,3,0.0743,1,ADV0182,0,0.0,21.2,-0.493,13.4,5
CLI00031,Varejo,84,6,17.12,1,0.3463,0,ADV0052,0,0.0,5.8,0.224,19.6,5
CLI00032,Varejo,6,1,17.73,2,1.0173,0,ADV0022,0,0.0,12.6,0.169,18.2,3
CLI00033,Wealth,131,6,9.48,0,0.8407,0,ADV0284,0,0.0,13.0,0.143,8.0,3
CLI00034,Wealth,1,1,15.09,2,0.1997,0,ADV0289,1,0.1997,4.8,0.178,22.6,4
CLI00035,Alta Renda,58,6,12.49,2,1.0166,1,ADV0243,1,1.0166,19.4,-0.233,25.4,4
CLI00036,Varejo,124,8,9.1,1,0.1109,0,ADV0092,0,0.0,13.3,-0.137,6.0,3
CLI00037,Varejo,15,3,14.58,4,0.0309,0,ADV0031,1,0.0309,10.8,-0.216,2.8,11
CLI00038,Alta Renda,64,4,8.91,2,2.008,0,ADV0206,0,0.0,7.6,-0.24,11.8,3
CLI00039,Varejo,25,4,9.92,1,0.3304,0,ADV0132,1,0.3304,5.6,0.267,3.4,4
CLI00040,Varejo,24,1,5.72,4,0.0225,1,ADV0037,0,0.0,13.6,-0.425,9.0,10
CLI00041,Varejo,12,2,9.55,1,1.2545,0,ADV0149,0,0.0,8.3,0.232,13.3,5
CLI00042,Varejo,18,7,12.57,4,0.0629,0,ADV0012,0,0.0,19.3,-0.041,27.4,3
CLI00043,Wealth,15,5,18.09,0,0.0834,0,ADV0272,0,0.0,31.5,-0.149,11.0,3
CLI00044,Varejo,27,5,10.02,4,0.6236,0,ADV0078,0,0.0,24.1,-0.241,4.1,3
CLI00045,Alta Renda,72,1,7.14,2,0.9707,0,ADV0200,0,0.0,13.6,-0.129,12.4,4
CLI00046,Varejo,60,8,17.79,6,0.045,0,ADV0094,1,0.045,7.8,0.312,26.7,2
CLI00047,Varejo,93,6,9.38,2,1.1188,0,ADV0157,0,0.0,23.6,-0.239,10.8,2
CLI00048,Varejo,53,2,4.16,2,0.515,0,ADV0164,0,0.0,20.1,0.466,30.3,7
CLI00049,Varejo,8,3,12.06,1,0.0584,1,ADV0058,0,0.0,32.8,0.077,26.7,4
CLI00050,Wealth,79,6,10.14,1,0.1201,0,ADV0290,0,0.0,15.0,0.165,21.2,4
CLI00051,Alta Renda,27,6,21.16,2,1.1865,0,ADV0233,0,0.0,37.7,-0.032,15.6,4
CLI00052,Wealth,50,1,13.5,1,0.0217,0,ADV0282,0,0.0,15.1,-0.071,29.4,4
CLI00053,Wealth,131,1,10.89,5,0.9949,0,ADV0268,0,0.0,7.8,-0.28,45.1,4
CLI00054,Varejo,93,8,7.62,3,0.4967,0,ADV0179,0,0.0,9.0,-0.022,9.5,7
CLI00055,Wealth,24,5,12.89,1,0.3204,0,ADV0276,0,0.0,18.7,-0.255,15.0,4
CLI00056,Varejo,60,1,17.62,0,0.1962,1,ADV0028,0,0.0,9.6,-0.58,31.3,6
CLI00057,Varejo,122,1,12.81,3,2.1408,0,ADV0062,1,2.1408,37.5,0.026,15.9,3
CLI00058,Varejo,131,1,7.94,2,2.5943,1,ADV0016,0,0.0,19.5,-0.241,3.6,7
CLI00059,Varejo,46,8,13.76,2,0.0743,0,ADV0098,0,0.0,13.4,0.371,10.9,3
CLI00060,Varejo,15,5,11.3,1,0.3664,0,ADV0116,0,0.0,14.2,0.22,15.9,7
CLI00061,Varejo,17,3,13.38,7,1.8902,0,ADV0082,0,0.0,10.8,0.373,34.5,6
CLI00062,Alta Renda,126,3,10.01,2,0.0596,0,ADV0249,1,0.0596,2.7,-0.15,14.4,6
CLI00063,Varejo,84,7,9.91,4,0.2267,1,ADV0107,0,0.0,12.1,-0.412,8.3,3
CLI00064,Varejo,9,7,9.75,6,0.6096,1,ADV0085,0,0.0,36.3,-0.836,22.5,1
CLI00065,Varejo,63,1,15.46,3,0.012,0,ADV0163,0,0.0,15.3,-0.062,32.4,4
CLI00066,Varejo,117,7,9.95,0,0.4854,0,ADV0042,0,0.0,25.9,0.022,8.4,7
CLI00067,Alta Renda,130,5,9.57,2,0.0402,1,ADV0241,0,0.0,33.0,0.159,42.0,2
CLI00068,Varejo,88,8,7.54,1,0.2123,0,ADV0024,0,0.0,12.7,-0.009,8.5,3
CLI00069,Corporate,72,3,13.41,1,0.7317,0,ADV0296,0,0.0,20.4,0.015,4.6,9
CLI00070,Alta Renda,139,6,12.81,1,0.0074,0,ADV0232,1,0.0074,3.0,-0.597,14.0,5
CLI00071,Varejo,64,3,9.62,4,0.4591,0,ADV0062,1,0.4591,32.9,0.056,12.9,11
CLI00072,Varejo,72,3,8.52,4,2.3392,0,ADV0002,0,0.0,31.2,0.106,3.0,2
CLI00073,Alta Renda,21,5,19.38,6,0.0826,0,ADV0245,0,0.0,18.4,0.294,7.2,3
CLI00074,Alta Renda,18,7,3.6,1,0.3498,0,ADV0213,1,0.3498,15.7,0.081,15.3,3
CLI00075,Alta Renda,64,6,13.57,5,0.9379,0,ADV0219,1,0.9379,12.8,-0.029,20.9,2
CLI00076,Alta Renda,82,5,16.92,7,0.0208,0,ADV0232,1,0.0208,27.8,0.243,24.6,2
CLI00077,Varejo,110,1,-2.72,2,0.4425,0,ADV0024,0,0.0,21.9,-0.519,22.0,7
CLI00078,Varejo,95,8,14.84,2,0.6256,0,ADV0108,0,0.0,9.9,-0.113,13.4,5
CLI00079,Varejo,32,4,10.57,1,0.3792,0,ADV0035,0,0.0,5.0,-0.168,4.0,8
CLI00080,Alta Renda,11,3,12.58,3,0.185,0,ADV0258,0,0.0,4.2,-0.008,11.4,3
CLI00081,Varejo,45,4,10.14,4,0.045,0,ADV0187,0,0.0,27.6,-0.484,1.2,4
CLI00082,Varejo,33,8,16.02,3,1.0089,0,ADV0100,0,0.0,12.6,0.29,15.3,2
CLI00083,Varejo,102,8,13.03,2,0.1729,1,ADV0021,0,0.0,30.2,0.025,14.9,1
CLI00084,Varejo,136,5,12.05,2,0.051,0,ADV0094,1,0.051,13.8,0.07,1.9,6
CLI00085,Varejo,11,5,7.72,1,0.1093,1,ADV0098,0,0.0,8.0,-0.019,45.3,3
CLI00086,Alta Renda,88,5,19.41,1,0.2668,0,ADV0220,0,0.0,3.1,0.278,32.1,2
CLI00087,Varejo,41,4,11.54,4,0.0217,0,ADV0191,0,0.0,9.4,-0.41,3.5,2
CLI00088,Alta Renda,76,5,21.12,5,0.1692,0,ADV0265,1,0.1692,10.0,0.025,18.2,2
CLI00089,Varejo,121,8,19.6,1,0.0961,0,ADV0142,0,0.0,10.0,0.252,10.1,6
CLI00090,Varejo,46,1,4.03,5,0.9388,0,ADV0037,0,0.0,10.2,-0.022,7.5,11
CLI00091,Alta Renda,80,5,8.75,0,0.0144,0,ADV0215,1,0.0144,44.7,-0.209,7.5,3
CLI00092,Alta Renda,54,2,7.14,4,0.5601,0,ADV0229,1,0.5601,25.6,-0.133,10.1,4
CLI00093,Varejo,86,7,11.3,4,1.0431,0,ADV0168,0,0.0,15.5,-0.086,10.1,5
CLI00094,Alta Renda,92,4,12.29,5,0.0152,0,ADV0232,1,0.0152,12.4,-0.159,13.0,4
CLI00095,Varejo,97,2,12.47,1,0.0177,1,ADV0149,0,0.0,23.1,0.101,26.6,11
CLI00096,Varejo,2,5,15.93,5,1.6848,0,ADV0157,0,0.0,21.4,0.332,8.1,5
CLI00097,Varejo,33,8,17.77,2,0.051,0,ADV0129,0,0.0,12.3,-0.131,19.3,5
CLI00098,Varejo,77,1,15.56,1,9.2376,1,ADV0009,0,0.0,24.0,-0.548,23.1,4
CLI00099,Varejo,116,3,9.14,7,0.0158,0,ADV0033,0,0.0,16.7,0.101,16.0,3
CLI00100,Varejo,103,6,8.22,1,0.2062,0,ADV0011,0,0.0,44.9,-0.038,10.5,5
CLI00101,Varejo,103,7,11.51,3,0.1603,0,ADV0191,0,0.0,11.8,-0.292,9.0,2
CLI00102,Varejo,90,6,13.29,5,0.1261,0,ADV0095,0,0.0,26.8,-0.013,38.6,5
CLI00103,Varejo,122,5,10.73,3,0.3018,0,ADV0153,0,0.0,5.4,-0.022,4.7,3
CLI00104,Wealth,143,7,5.85,0,0.3253,0,ADV0272,0,0.0,8.0,0.215,33.5,6
CLI00105,Varejo,106,7,14.36,3,0.1329,0,ADV0076,1,0.1329,41.3,-0.214,22.8,4
CLI00106,Varejo,119,1,9.85,2,0.0442,1,ADV0122,1,0.0442,25.0,0.031,25.0,6
CLI00107,Alta Renda,49,7,9.73,1,0.6454,0,ADV0226,0,0.0,18.4,-0.022,23.2,1
CLI00108,Varejo,104,4,11.27,2,0.374,0,ADV0069,0,0.0,52.2,-0.244,0.7,4
CLI00109,Varejo,61,2,10.49,8,0.1919,0,ADV0025,0,0.0,12.5,-0.288,7.8,4
CLI00110,Varejo,123,2,9.96,5,0.3589,0,ADV0088,0,0.0,26.7,0.426,6.5,6
CLI00111,Varejo,134,2,6.12,0,0.4492,1,ADV0049,0,0.0,34.7,-0.523,22.8,2
CLI00112,Wealth,9,4,11.03,1,0.0614,0,ADV0279,0,0.0,35.7,0.206,21.1,6
CLI00113,Alta Renda,6,6,14.45,2,0.3426,0,ADV0243,1,0.3426,4.9,-0.376,17.2,3
CLI00114,Varejo,73,1,12.61,2,0.0805,1,ADV0190,0,0.0,19.2,0.317,16.1,2
CLI00115,Alta Renda,103,7,15.48,2,0.4689,1,ADV0260,0,0.0,21.9,0.054,37.6,8
CLI00116,Alta Renda,41,4,8.44,2,0.1287,0,ADV0242,0,0.0,35.4,-0.056,22.1,4
CLI00117,Varejo,114,2,6.13,0,0.3661,0,ADV0058,0,0.0,17.9,-0.067,8.2,4
CLI00118,Wealth,8,5,10.47,8,0.094,1,ADV0267,0,0.0,33.2,-0.059,10.9,1
CLI00119,Varejo,72,3,8.92,3,0.3917,0,ADV0162,0,0.0,4.5,0.149,21.3,5
CLI00120,Alta Renda,92,7,9.36,3,0.0463,0,ADV0243,1,0.0463,10.4,0.04,13.0,4
CLI00121,Wealth,62,4,12.39,3,0.1733,0,ADV0268,0,0.0,31.1,0.002,13.6,0
CLI00122,Varejo,84,8,9.39,2,0.5915,0,ADV0096,0,0.0,11.5,0.123,14.8,1
CLI00123,Varejo,62,4,6.25,4,0.3034,0,ADV0034,0,0.0,13.2,-0.383,2.8,8
CLI00124,Varejo,111,1,9.15,5,0.2122,0,ADV0069,0,0.0,35.0,-0.082,7.9,6
CLI00125,Varejo,127,1,12.93,5,1.724,1,ADV0128,0,0.0,12.4,-0.35,21.2,6
CLI00126,Alta Renda,7,4,14.32,9,0.6255,0,ADV0246,0,0.0,7.9,0.133,7.9,5
CLI00127,Alta Renda,84,2,14.28,3,0.5027,0,ADV0257,0,0.0,4.1,-0.149,11.3,7
CLI00128,Varejo,132,3,13.28,7,0.3888,0,ADV0003,1,0.3888,35.9,-0.346,18.3,4
CLI00129,Varejo,134,7,10.79,2,0.4573,0,ADV0154,0,0.0,25.3,-0.175,25.1,3
CLI00130,Varejo,58,1,13.2,3,1.4251,0,ADV0124,0,0.0,24.9,0.033,27.0,9
CLI00131,Varejo,22,7,11.32,1,0.096,0,ADV0068,1,0.096,10.2,-0.045,27.9,4
CLI00132,Varejo,127,2,11.98,4,0.614,0,ADV0037,0,0.0,3.8,-0.258,12.1,2
CLI00133,Varejo,3,7,7.55,2,0.2627,1,ADV0102,0,0.0,10.8,-0.711,19.7,2
CLI00134,Wealth,127,5,11.68,3,0.1005,0,ADV0283,0,0.0,31.3,0.016,5.2,4
CLI00135,Varejo,41,1,13.09,3,0.1452,1,ADV0098,0,0.0,23.1,-0.319,32.3,3
CLI00136,Varejo,106,2,12.93,3,0.2198,0,ADV0157,0,0.0,21.8,-0.057,10.9,2
CLI00137,Alta Renda,14,2,6.09,2,0.054,0,ADV0212,0,0.0,15.9,-0.035,31.8,6
CLI00138,Varejo,12,3,11.9,4,0.5082,0,ADV0109,0,0.0,7.1,0.095,16.3,2
CLI00139,Corporate,87,3,5.44,2,0.1446,0,ADV0292,1,0.1446,10.6,0.186,25.8,1
CLI00140,Wealth,12,5,12.23,3,0.1846,0,ADV0288,0,0.0,5.7,0.032,12.7,7
CLI00141,Varejo,141,2,8.55,2,0.965,0,ADV0076,1,0.965,5.1,-0.071,19.5,2
CLI00142,Varejo,25,6,18.66,2,0.1957,0,ADV0150,0,0.0,24.0,0.005,26.4,6
CLI00143,Varejo,45,2,12.0,4,1.2442,1,ADV0091,1,1.2442,9.1,-0.32,10.3,2
CLI00144,Varejo,122,3,14.86,4,0.0836,1,ADV0086,0,0.0,9.1,-0.442,28.9,3
CLI00145,Varejo,55,6,20.37,7,0.0397,0,ADV0013,0,0.0,11.0,0.24,5.8,3
CLI00146,Varejo,100,1,8.07,0,0.1134,1,ADV0182,0,0.0,15.3,-0.084,38.6,3
CLI00147,Varejo,136,1,13.33,2,0.0043,0,ADV0151,1,0.0043,4.0,0.437,14.9,9
CLI00148,Varejo,119,7,6.52,1,0.5366,0,ADV0017,0,0.0,17.7,0.502,8.0,13
CLI00149,Varejo,53,4,12.95,4,0.0428,0,ADV0085,0,0.0,15.3,-0.259,22.5,3
CLI00150,Wealth,32,3,18.92,1,0.0741,0,ADV0272,0,0.0,30.9,-0.074,16.8,6
CLI00151,Varejo,51,4,8.86,2,0.4194,0,ADV0073,0,0.0,14.3,0.553,3.0,0
CLI00152,Varejo,44,6,7.78,1,0.193,0,ADV0044,0,0.0,19.0,-0.009,10.1,6
CLI00153,Varejo,82,3,11.12,4,0.0932,0,ADV0147,0,0.0,7.4,0.054,6.1,2
CLI00154,Corporate,37,5,20.09,6,0.0117,0,ADV0296,0,0.0,7.7,-0.335,6.5,4
CLI00155,Varejo,96,2,14.74,0,0.8968,0,ADV0074,0,0.0,4.4,0.033,6.3,3
CLI00156,Alta Renda,56,5,7.7,0,0.4232,1,ADV0203,0,0.0,8.1,0.223,19.3,7
CLI00157,Alta Renda,105,6,17.61,2,2.3927,0,ADV0229,1,2.3927,10.4,0.283,23.6,5
CLI00158,Varejo,59,3,4.55,4,0.0761,1,ADV0073,0,0.0,31.5,-0.311,8.1,3
CLI00159,Alta Renda,131,8,20.47,5,0.025,0,ADV0219,1,0.025,6.6,-0.087,2.2,4
CLI00160,Varejo,35,6,15.1,2,0.6024,0,ADV0110,1,0.6024,46.2,-0.249,1.2,7
CLI00161,Varejo,93,8,18.91,3,0.1294,1,ADV0190,0,0.0,21.0,-0.132,44.2,4
CLI00162,Varejo,97,2,4.58,3,0.374,0,ADV0190,0,0.0,17.4,-0.42,15.0,8
CLI00163,Varejo,135,1,12.21,1,1.3578,0,ADV0162,0,0.0,13.5,-0.019,22.6,2
CLI00164,Varejo,76,1,10.94,5,0.2738,1,ADV0029,0,0.0,16.2,0.003,24.9,5
CLI00165,Alta Renda,49,6,7.27,1,0.2055,0,ADV0250,0,0.0,8.4,0.078,1.8,6
CLI00166,Varejo,94,4,6.06,6,0.2229,0,ADV0097,0,0.0,3.9,0.301,17.7,7
CLI00167,Varejo,24,3,13.63,2,0.0197,0,ADV0058,0,0.0,6.8,0.236,35.5,2
CLI00168,Varejo,37,3,14.01,1,0.698,1,ADV0014,0,0.0,42.6,-0.32,8.4,1
CLI00169,Varejo,4,1,16.96,3,0.7586,1,ADV0177,0,0.0,26.1,-0.901,6.4,2
CLI00170,Alta Renda,108,7,9.39,1,0.3295,0,ADV0204,0,0.0,35.6,-0.159,5.2,5
CLI00171,Varejo,126,5,10.91,4,0.0231,0,ADV0005,0,0.0,8.3,-0.378,23.3,4
CLI00172,Varejo,20,7,5.69,1,0.1412,0,ADV0154,0,0.0,5.6,0.007,16.7,4
CLI00173,Varejo,50,2,17.97,2,1.0726,0,ADV0069,0,0.0,13.4,-0.639,28.1,2
CLI00174,Varejo,96,5,11.79,1,0.0792,0,ADV0194,0,0.0,7.0,0.13,13.5,7
CLI00175,Varejo,105,5,14.53,2,0.7707,0,ADV0054,0,0.0,15.4,0.016,20.9,5
CLI00176,Alta Renda,117,6,14.68,3,0.1776,0,ADV0209,0,0.0,3.1,0.104,9.9,6
CLI00177,Varejo,98,1,17.63,6,0.4174,0,ADV0115,0,0.0,1.8,0.233,5.6,5
CLI00178,Wealth,66,7,8.01,2,0.0967,0,ADV0281,0,0.0,17.0,0.044,20.9,4
CLI00179,Varejo,79,7,14.43,4,0.1845,0,ADV0041,0,0.0,36.5,0.359,23.6,4
CLI00180,Varejo,6,1,11.39,1,0.2916,1,ADV0103,0,0.0,19.8,-0.088,11.6,5
CLI00181,Varejo,39,7,20.34,0,0.0404,1,ADV0034,0,0.0,25.7,-0.426,34.5,5
CLI00182,Wealth,115,8,8.0,1,0.236,0,ADV0277,0,0.0,13.8,-0.052,34.1,4
CLI00183,Alta Renda,125,1,16.42,3,0.005,0,ADV0263,1,0.005,14.8,-0.497,6.4,4
CLI00184,Varejo,12,6,12.97,3,0.0756,0,ADV0078,0,0.0,3.7,-0.198,6.6,5
CLI00185,Alta Renda,131,4,12.75,3,0.3352,0,ADV0199,0,0.0,7.2,-0.084,6.9,7
CLI00186,Alta Renda,18,5,11.73,4,0.7092,0,ADV0245,0,0.0,28.8,0.12,12.3,2
CLI00187,Varejo,40,6,17.16,3,0.3056,0,ADV0166,0,0.0,10.3,-0.165,10.2,5
CLI00188,Varejo,21,3,12.61,4,0.0271,1,ADV0160,0,0.0,34.7,-0.422,5.8,6
CLI00189,Varejo,143,2,5.1,4,0.633,0,ADV0074,0,0.0,14.5,-0.415,7.0,7
CLI00190,Varejo,99,4,16.62,3,0.0376,0,ADV0029,0,0.0,15.0,-0.131,1.8,8
CLI00191,Wealth,26,3,15.85,5,0.3673,0,ADV0269,0,0.0,10.3,0.429,2.2,7
CLI00192,Wealth,8,5,13.97,4,0.0393,0,ADV0269,0,0.0,21.1,0.06,3.8,6
CLI00193,Varejo,100,7,6.76,1,0.0605,0,ADV0190,0,0.0,24.5,0.207,42.0,5
CLI00194,Varejo,87,1,7.41,1,0.0477,0,ADV0102,0,0.0,6.9,-0.198,38.9,4
CLI00195,Varejo,42,5,3.61,1,0.198,0,ADV0106,0,0.0,4.0,-0.346,21.7,10
CLI00196,Alta Renda,14,6,13.43,2,0.1282,0,ADV0219,1,0.1282,2.2,-0.269,8.6,5
CLI00197,Wealth,78,2,5.83,2,0.3203,0,ADV0269,0,0.0,18.6,-0.021,3.7,8
CLI00198,Alta Renda,2,6,4.28,3,0.1613,0,ADV0265,1,0.1613,17.1,-0.439,13.3,2
CLI00199,Alta Renda,119,4,16.85,3,0.023,0,ADV0234,0,0.0,54.4,-0.221,18.0,5
CLI00200,Varejo,37,4,14.73,3,0.2366,0,ADV0193,0,0.0,13.9,-0.129,7.6,2
CLI00201,Varejo,69,2,10.1,3,0.0167,0,ADV0027,0,0.0,12.1,-0.291,17.4,5
CLI00202,Varejo,41,8,10.94,2,0.0524,0,ADV0049,0,0.0,15.8,-0.467,5.2,3
CLI00203,Wealth,62,3,1.39,4,0.103,0,ADV0269,0,0.0,16.4,0.064,8.7,7
CLI00204,Varejo,60,3,15.35,2,0.0941,1,ADV0182,0,0.0,12.0,-0.226,17.4,2
CLI00205,Varejo,125,4,8.59,2,0.0194,0,ADV0003,1,0.0194,7.1,0.171,39.6,4
CLI00206,Varejo,111,4,12.89,4,0.9827,0,ADV0032,0,0.0,13.3,-0.244,6.9,6
CLI00207,Alta Renda,14,7,1.05,3,1.4083,0,ADV0200,0,0.0,13.0,0.167,17.9,2
CLI00208,Varejo,84,1,15.61,4,3.0833,1,ADV0002,0,0.0,15.8,0.099,9.7,5
CLI00209,Varejo,130,7,8.34,2,0.7349,0,ADV0049,0,0.0,22.6,0.058,5.4,3
CLI00210,Varejo,70,7,5.72,4,0.0989,1,ADV0164,0,0.0,13.8,-0.177,16.8,9
CLI00211,Alta Renda,123,8,10.07,3,0.0967,0,ADV0209,0,0.0,4.1,0.032,13.6,3
CLI00212,Alta Renda,89,3,9.0,2,0.09,0,ADV0196,0,0.0,8.1,-0.145,36.3,5
CLI00213,Varejo,28,8,16.01,5,2.1844,0,ADV0068,1,2.1844,11.4,-0.181,8.4,4
CLI00214,Alta Renda,66,8,9.73,2,0.1422,0,ADV0215,1,0.1422,13.6,0.15,23.7,4
CLI00215,Varejo,5,2,17.22,1,0.8607,0,ADV0073,0,0.0,18.8,-0.031,40.8,7
CLI00216,Varejo,45,3,12.89,2,0.7779,0,ADV0098,0,0.0,13.7,0.265,16.0,2
CLI00217,Alta Renda,47,1,15.26,2,0.2115,0,ADV0224,0,0.0,1.8,-0.097,26.5,6
CLI00218,Varejo,31,6,11.49,6,0.025,0,ADV0195,0,0.0,4.6,-0.075,7.2,7
CLI00219,Alta Renda,139,4,16.84,2,0.1463,1,ADV0254,0,0.0,24.9,-0.236,30.7,10
CLI00220,Alta Renda,10,4,6.65,3,0.2001,0,ADV0198,0,0.0,11.1,-0.246,20.7,7
CLI00221,Varejo,118,1,11.98,3,0.8705,0,ADV0170,0,0.0,14.5,0.179,4.4,6
CLI00222,Varejo,14,8,9.83,4,0.1695,0,ADV0030,0,0.0,10.1,0.481,6.7,3
CLI00223,Varejo,80,7,17.37,2,0.0343,1,ADV0110,1,0.0343,11.1,-0.479,17.4,5
CLI00224,Varejo,93,2,17.8,2,0.5971,0,ADV0080,0,0.0,10.4,-0.15,7.7,4
CLI00225,Varejo,10,8,11.5,3,0.123,1,ADV0074,0,0.0,21.5,-0.003,12.8,2
CLI00226,Corporate,76,4,6.08,4,0.006,0,ADV0293,0,0.0,13.1,-0.15,3.8,3
CLI00227,Varejo,94,5,13.29,4,0.2522,0,ADV0117,0,0.0,24.4,0.363,38.4,8
CLI00228,Wealth,105,7,4.51,6,0.317,0,ADV0267,0,0.0,3.4,-0.158,25.3,4
CLI00229,Varejo,1,4,18.33,1,0.0553,1,ADV0189,0,0.0,4.7,-0.374,91.7,3
CLI00230,Alta Renda,133,5,9.51,3,0.1288,0,ADV0239,1,0.1288,11.0,-0.273,4.8,9
CLI00231,Varejo,20,8,11.37,1,0.3887,0,ADV0151,1,0.3887,19.0,0.065,18.1,8
CLI00232,Varejo,8,1,8.64,3,0.2544,1,ADV0173,0,0.0,29.0,-0.584,10.2,4
CLI00233,Varejo,1,1,7.71,3,0.0217,0,ADV0148,0,0.0,8.3,-0.25,5.4,2
CLI00234,Varejo,57,7,14.6,3,0.8433,0,ADV0062,1,0.8433,0.7,-0.196,24.4,5
CLI00235,Alta Renda,64,4,10.83,1,1.5193,1,ADV0217,0,0.0,12.7,0.32,15.5,4
CLI00236,Varejo,118,3,11.68,1,0.0852,0,ADV0085,0,0.0,17.2,0.007,10.3,5
CLI00237,Varejo,28,5,7.28,2,0.0138,0,ADV0008,0,0.0,12.9,0.022,16.3,6
CLI00238,Varejo,121,2,15.1,2,0.4504,0,ADV0194,0,0.0,19.4,0.023,6.9,2
CLI00239,Varejo,107,4,15.52,2,0.0689,0,ADV0055,0,0.0,28.2,0.307,6.7,0
CLI00240,Wealth,49,2,10.62,3,0.3316,0,ADV0282,0,0.0,11.6,-0.23,8.0,2
CLI00241,Wealth,120,4,16.83,0,2.8945,0,ADV0285,0,0.0,9.3,-0.087,27.5,3
CLI00242,Wealth,44,3,11.06,0,0.0221,0,ADV0274,0,0.0,6.3,-0.037,26.1,2
CLI00243,Varejo,56,3,14.77,3,0.0587,1,ADV0111,0,0.0,15.2,-0.742,9.5,2
CLI00244,Varejo,111,7,4.68,2,0.1284,0,ADV0005,0,0.0,2.9,-0.202,37.3,5
CLI00245,Wealth,134,7,12.98,5,0.8862,0,ADV0278,0,0.0,7.7,0.23,13.1,9
CLI00246,Varejo,108,3,10.36,4,16.8155,0,ADV0129,0,0.0,25.7,0.167,17.9,2
CLI00247,Wealth,114,6,12.15,1,0.2279,0,ADV0290,0,0.0,20.7,0.206,7.8,3
CLI00248,Wealth,78,3,11.96,3,0.0198,0,ADV0288,0,0.0,8.9,-0.13,13.6,7
CLI00249,Alta Renda,130,1,12.03,6,0.1055,0,ADV0255,0,0.0,46.5,-0.102,5.4,3
CLI00250,Varejo,37,1,14.09,3,0.0604,0,ADV0089,0,0.0,8.1,-0.393,7.4,4
CLI00251,Varejo,20,6,9.13,1,0.4223,0,ADV0115,0,0.0,29.9,0.205,23.1,8
CLI00252,Alta Renda,26,8,13.89,4,0.2698,0,ADV0255,0,0.0,34.4,0.241,23.4,5
CLI00253,Varejo,29,5,16.68,6,0.0427,0,ADV0096,0,0.0,18.0,0.238,18.4,5
CLI00254,Varejo,1,8,5.58,2,0.0559,0,ADV0052,0,0.0,7.6,0.353,9.8,1
CLI00255,Varejo,119,2,8.22,3,0.1035,0,ADV0167,0,0.0,9.9,0.093,4.6,5
CLI00256,Wealth,35,8,8.4,4,0.1211,0,ADV0281,0,0.0,14.9,0.343,29.6,10
CLI00257,Alta Renda,59,4,6.91,0,0.1565,0,ADV0210,1,0.1565,4.0,-0.044,24.6,4
CLI00258,Varejo,69,8,9.51,1,0.1761,0,ADV0171,0,0.0,5.8,-0.389,2.5,2
CLI00259,Varejo,12,4,15.84,1,0.8231,0,ADV0031,1,0.8231,5.4,0.189,23.7,4
CLI00260,Varejo,20,6,17.58,1,0.0988,0,ADV0184,0,0.0,18.9,-0.397,10.3,4
CLI00261,Corporate,43,1,11.95,1,0.0815,0,ADV0297,0,0.0,28.0,0.037,21.1,3
CLI00262,Varejo,126,7,10.14,4,0.029,0,ADV0042,0,0.0,21.2,0.21,3.9,6
CLI00263,Varejo,50,4,14.87,1,0.1236,0,ADV0156,0,0.0,25.1,0.071,8.1,3
CLI00264,Alta Renda,29,1,1.57,1,0.2306,0,ADV0263,1,0.2306,7.1,0.501,14.3,7
CLI00265,Alta Renda,39,5,7.07,3,0.0176,0,ADV0223,0,0.0,10.2,-0.433,38.4,8
CLI00266,Alta Renda,38,2,1.75,3,0.1059,1,ADV0211,0,0.0,20.8,-0.03,26.3,4
CLI00267,Alta Renda,84,5,7.02,1,0.7471,0,ADV0212,0,0.0,17.9,0.004,26.8,5
CLI00268,Varejo,128,6,8.28,3,0.384,1,ADV0108,0,0.0,15.7,-0.545,18.5,5
CLI00269,Varejo,126,8,17.71,4,0.2686,1,ADV0089,0,0.0,26.8,-0.308,18.8,1
CLI00270,Alta Renda,45,8,-0.1,3,0.3707,1,ADV0243,1,0.3707,40.0,0.018,27.4,2
CLI00271,Alta Renda,52,3,9.75,3,0.0784,0,ADV0244,0,0.0,18.6,-0.242,12.9,2
CLI00272,Alta Renda,80,3,14.1,5,0.0659,0,ADV0259,0,0.0,9.9,-0.024,22.7,5
CLI00273,Wealth,124,3,13.23,2,0.8637,0,ADV0273,0,0.0,6.6,-0.133,5.7,3
CLI00274,Varejo,119,5,17.64,1,0.4854,0,ADV0154,0,0.0,5.4,0.07,13.0,2
CLI00275,Varejo,8,4,12.18,1,0.0627,1,ADV0151,1,0.0627,4.5,0.017,50.6,4
CLI00276,Alta Renda,85,2,13.07,3,0.0144,0,ADV0240,0,0.0,11.1,0.128,27.5,2
CLI00277,Varejo,129,3,3.78,2,0.0644,0,ADV0195,0,0.0,10.6,-0.09,16.7,5
CLI00278,Alta Renda,8,6,7.35,6,0.3351,0,ADV0212,0,0.0,23.1,0.063,25.1,5
CLI00279,Alta Renda,96,6,4.01,0,0.0702,1,ADV0239,1,0.0702,8.6,0.237,34.1,2
CLI00280,Wealth,102,3,13.9,3,0.2539,0,ADV0266,0,0.0,11.5,0.098,2.2,5
CLI00281,Varejo,5,8,12.96,3,1.0468,0,ADV0102,0,0.0,16.0,0.409,11.0,4
CLI00282,Varejo,86,3,12.82,5,0.1465,0,ADV0112,0,0.0,18.3,0.216,8.1,4
CLI00283,Varejo,34,2,7.8,1,0.2241,1,ADV0030,0,0.0,28.2,0.156,13.8,3
CLI00284,Varejo,55,3,7.41,2,0.4027,0,ADV0173,0,0.0,14.9,-0.548,44.0,4
CLI00285,Varejo,119,2,12.38,2,0.0405,0,ADV0012,0,0.0,4.2,0.021,19.7,5
CLI00286,Varejo,114,6,8.69,3,0.0605,0,ADV0140,0,0.0,17.3,-0.071,24.6,2
CLI00287,Varejo,26,3,7.21,3,0.4249,0,ADV0163,0,0.0,7.8,-0.027,8.4,7
CLI00288,Varejo,136,5,9.36,2,0.1734,0,ADV0087,0,0.0,28.8,-0.177,10.8,8
CLI00289,Varejo,47,7,8.72,3,0.1936,0,ADV0177,0,0.0,13.3,0.087,13.4,5
CLI00290,Varejo,113,5,7.86,2,0.1726,0,ADV0011,0,0.0,15.5,-0.398,17.5,5
CLI00291,Varejo,76,6,6.35,2,0.5897,0,ADV0013,0,0.0,57.1,0.089,22.2,1
CLI00292,Alta Renda,72,2,13.38,4,0.2912,0,ADV0246,0,0.0,21.7,-0.17,21.3,3
CLI00293,Varejo,89,5,18.04,2,0.2963,0,ADV0108,0,0.0,17.1,-0.11,11.4,6
CLI00294,Varejo,46,2,11.34,5,0.8097,0,ADV0039,0,0.0,11.8,0.096,34.8,1
CLI00295,Varejo,33,5,12.43,1,1.3345,0,ADV0157,0,0.0,4.5,0.017,30.5,3
CLI00296,Alta Renda,1,5,13.75,3,3.0547,0,ADV0232,1,3.0547,11.2,0.232,16.3,6
CLI00297,Varejo,31,2,13.04,1,0.0779,1,ADV0066,0,0.0,7.6,-0.701,16.4,3
CLI00298,Varejo,142,4,7.94,3,4.0969,0,ADV0187,0,0.0,36.4,-0.018,10.7,7
CLI00299,Varejo,53,5,18.72,3,0.0397,0,ADV0027,0,0.0,17.2,0.196,17.6,5
CLI00300,Varejo,48,3,8.32,3,2.0459,0,ADV0017,0,0.0,28.2,0.079,29.5,5
CLI00301,Varejo,69,7,14.22,1,0.0725,0,ADV0160,0,0.0,8.1,0.094,14.0,3
CLI00302,Varejo,105,6,13.73,3,0.1511,0,ADV0162,0,0.0,6.9,0.244,8.9,4
CLI00303,Varejo,90,4,3.27,1,0.1693,0,ADV0191,0,0.0,20.3,-0.089,13.7,1
CLI00304,Alta Renda,63,2,9.99,4,0.0536,0,ADV0219,1,0.0536,6.3,-0.136,16.5,7
CLI00305,Corporate,73,4,11.74,0,0.185,0,ADV0293,0,0.0,9.3,0.127,5.4,4
CLI00306,Varejo,89,1,12.06,4,0.0573,0,ADV0156,0,0.0,37.5,-0.033,4.3,5
CLI00307,Varejo,13,1,12.77,3,0.0332,0,ADV0098,0,0.0,9.6,0.247,9.1,4
CLI00308,Alta Renda,73,5,14.68,2,0.1572,0,ADV0239,1,0.1572,3.7,0.081,34.7,6
CLI00309,Varejo,77,5,11.47,2,1.3058,0,ADV0082,0,0.0,2.4,-0.137,28.4,8
CLI00310,Varejo,68,3,12.99,4,0.1188,0,ADV0132,1,0.1188,3.2,0.074,3.4,3
CLI00311,Varejo,98,7,11.31,2,0.5618,0,ADV0026,1,0.5618,29.2,-0.199,6.5,6
CLI00312,Varejo,125,6,7.23,4,0.0551,1,ADV0009,0,0.0,25.4,-0.136,24.0,12
CLI00313,Wealth,102,4,11.64,2,0.0312,0,ADV0288,0,0.0,56.0,-0.307,9.9,8
CLI00314,Alta Renda,132,1,14.65,5,0.2982,0,ADV0250,0,0.0,34.1,0.269,18.2,5
CLI00315,Alta Renda,102,5,16.16,3,1.6198,0,ADV0210,1,1.6198,43.2,0.071,3.6,6
CLI00316,Varejo,19,8,13.76,5,0.2169,0,ADV0122,1,0.2169,25.5,-0.036,13.5,1
CLI00317,Varejo,82,8,17.1,2,0.4842,0,ADV0054,0,0.0,19.6,0.168,12.6,2
CLI00318,Varejo,141,6,13.26,0,1.1545,0,ADV0048,0,0.0,6.7,0.112,24.7,6
CLI00319,Varejo,23,4,15.13,2,0.1576,0,ADV0076,1,0.1576,13.0,0.293,17.5,5
CLI00320,Varejo,83,5,15.44,3,0.1356,0,ADV0165,0,0.0,20.9,0.291,14.8,5
CLI00321,Alta Renda,109,5,10.56,3,0.3054,0,ADV0215,1,0.3054,24.5,0.078,2.9,2
CLI00322,Alta Renda,75,1,14.55,1,0.3848,0,ADV0199,0,0.0,4.9,-0.192,41.2,3
CLI00323,Varejo,129,1,7.55,6,0.0268,1,ADV0085,0,0.0,12.4,-0.316,26.8,6
CLI00324,Wealth,88,5,12.97,8,0.2428,0,ADV0286,0,0.0,12.3,-0.016,7.8,8
CLI00325,Alta Renda,54,2,13.92,0,0.1652,1,ADV0222,0,0.0,13.3,0.556,32.5,2
CLI00326,Varejo,89,5,15.91,2,0.0592,0,ADV0166,0,0.0,5.5,-0.1,10.2,2
CLI00327,Varejo,143,6,14.95,0,0.151,0,ADV0183,0,0.0,40.0,-0.082,11.6,2
CLI00328,Varejo,65,5,15.97,4,0.0363,0,ADV0125,0,0.0,11.0,0.407,28.1,5
CLI00329,Varejo,76,3,11.08,4,0.0232,0,ADV0075,0,0.0,5.9,-0.023,6.4,7
CLI00330,Varejo,143,7,10.05,4,0.1803,0,ADV0107,0,0.0,40.6,-0.14,21.5,7
CLI00331,Alta Renda,60,3,10.35,2,0.534,0,ADV0227,0,0.0,34.1,0.171,28.9,8
CLI00332,Varejo,93,3,12.62,5,0.1052,0,ADV0005,0,0.0,14.5,-0.012,19.4,5
CLI00333,Varejo,49,2,3.9,5,0.0474,0,ADV0035,0,0.0,9.1,-0.306,12.0,5
CLI00334,Varejo,35,2,17.09,2,0.058,0,ADV0016,0,0.0,3.0,0.229,7.4,5
CLI00335,Varejo,102,8,11.68,1,0.3374,0,ADV0014,0,0.0,18.6,-0.164,8.2,4
CLI00336,Alta Renda,11,5,9.76,3,1.4443,0,ADV0256,0,0.0,8.6,0.01,14.8,6
CLI00337,Alta Renda,99,3,0.88,6,0.45,0,ADV0212,0,0.0,12.8,-0.015,13.9,5
CLI00338,Varejo,110,2,11.35,4,0.8968,1,ADV0143,0,0.0,40.5,-0.134,36.1,3
CLI00339,Varejo,74,1,10.67,2,0.0423,0,ADV0031,1,0.0423,8.1,-0.482,3.9,5
CLI00340,Varejo,9,5,7.73,2,0.1502,0,ADV0148,0,0.0,18.1,-0.074,27.9,5
CLI00341,Varejo,3,6,8.67,3,0.6214,0,ADV0142,0,0.0,21.8,0.247,58.0,5
CLI00342,Varejo,85,7,11.39,5,0.0268,0,ADV0054,0,0.0,28.7,0.278,12.8,5
CLI00343,Varejo,26,4,9.03,0,0.0702,1,ADV0130,0,0.0,12.6,-0.323,12.5,6
CLI00344,Varejo,72,5,13.9,1,0.5625,0,ADV0119,0,0.0,11.2,0.203,12.3,4
CLI00345,Varejo,48,4,8.36,4,0.2313,0,ADV0184,0,0.0,11.0,-0.168,14.4,5
CLI00346,Varejo,117,3,12.15,1,0.0471,0,ADV0190,0,0.0,16.9,-0.082,10.8,6
CLI00347,Varejo,12,7,16.46,1,0.0198,0,ADV0016,0,0.0,33.2,-0.071,2.3,5
CLI00348,Varejo,133,4,11.35,3,0.9404,0,ADV0112,0,0.0,10.6,0.024,12.1,2
CLI00349,Varejo,48,3,13.0,4,0.0115,0,ADV0188,0,0.0,0.9,0.22,15.0,6
CLI00350,Varejo,37,1,12.73,4,0.3761,0,ADV0151,1,0.3761,23.5,0.058,29.8,5
CLI00351,Alta Renda,44,4,11.53,0,0.0827,0,ADV0256,0,0.0,13.7,-0.028,6.4,5
CLI00352,Alta Renda,15,7,11.22,2,0.6448,0,ADV0199,0,0.0,18.6,0.213,37.4,3
CLI00353,Varejo,43,8,9.1,4,0.0426,1,ADV0050,0,0.0,5.0,-0.452,11.3,7
CLI00354,Varejo,87,5,12.13,3,4.9493,0,ADV0023,0,0.0,8.6,-0.017,7.0,4
CLI00355,Varejo,70,3,10.31,3,0.2789,1,ADV0193,0,0.0,23.0,-0.088,32.4,6
CLI00356,Varejo,46,5,17.99,1,0.3455,0,ADV0009,0,0.0,4.4,0.116,9.4,2
CLI00357,Varejo,108,7,14.91,4,0.0605,1,ADV0176,0,0.0,39.3,-0.24,13.5,4
CLI00358,Wealth,123,2,5.4,1,0.139,0,ADV0282,0,0.0,12.7,-0.333,13.7,4
CLI00359,Varejo,21,3,5.63,4,0.1437,0,ADV0173,0,0.0,7.2,0.068,20.2,9
CLI00360,Varejo,107,4,10.95,1,1.7073,0,ADV0115,0,0.0,6.7,-0.347,12.8,3
CLI00361,Varejo,80,3,9.84,1,0.2782,0,ADV0193,0,0.0,5.6,-0.047,11.8,5
CLI00362,Varejo,47,5,10.73,1,0.3352,0,ADV0138,0,0.0,13.7,0.259,10.1,7
CLI00363,Varejo,117,1,14.23,0,0.3304,0,ADV0163,0,0.0,14.8,0.131,18.9,3
CLI00364,Wealth,124,3,12.83,0,0.3743,0,ADV0282,0,0.0,9.9,-0.445,9.1,2
CLI00365,Varejo,143,4,12.78,1,0.0272,1,ADV0115,0,0.0,12.0,0.222,34.8,3
CLI00366,Wealth,25,2,17.57,2,2.3727,0,ADV0288,0,0.0,17.7,-0.07,13.8,3
CLI00367,Wealth,36,8,5.67,2,0.0528,0,ADV0271,0,0.0,23.8,-0.28,3.1,7
CLI00368,Varejo,51,6,11.94,0,0.1572,1,ADV0062,1,0.1572,38.0,-0.14,21.1,7
CLI00369,Varejo,15,1,9.07,3,1.2104,1,ADV0023,0,0.0,44.4,-0.187,24.0,7
CLI00370,Varejo,68,8,17.53,2,2.0442,0,ADV0031,1,2.0442,11.4,-0.107,30.7,8
CLI00371,Varejo,21,2,2.22,4,0.4713,0,ADV0006,0,0.0,31.1,0.027,7.7,5
CLI00372,Varejo,141,3,2.4,1,0.0858,1,ADV0030,0,0.0,17.9,-0.092,20.0,5
CLI00373,Alta Renda,19,5,12.78,1,0.1952,0,ADV0206,0,0.0,6.8,0.021,20.6,6
CLI00374,Varejo,34,7,16.23,5,0.2054,1,ADV0024,0,0.0,15.1,-0.543,30.0,1
CLI00375,Varejo,78,5,14.75,1,0.215,0,ADV0096,0,0.0,35.6,-0.118,7.4,4
CLI00376,Alta Renda,125,8,8.14,1,0.0334,0,ADV0253,0,0.0,10.5,0.218,16.1,4
CLI00377,Varejo,117,4,17.83,3,0.8506,1,ADV0008,0,0.0,6.0,0.057,13.4,5
CLI00378,Alta Renda,52,5,6.33,1,0.1969,0,ADV0245,0,0.0,23.5,-0.376,7.6,2
CLI00379,Varejo,27,1,16.99,5,0.0646,1,ADV0086,0,0.0,17.8,0.059,12.8,7
CLI00380,Varejo,35,5,6.88,3,0.0865,1,ADV0036,0,0.0,30.1,0.451,46.0,3
CLI00381,Alta Renda,136,4,10.02,2,0.2348,0,ADV0210,1,0.2348,7.1,0.343,13.8,0
CLI00382,Varejo,106,6,14.18,2,0.0267,1,ADV0189,0,0.0,15.6,-0.085,15.6,6
CLI00383,Alta Renda,2,3,5.34,4,0.5179,0,ADV0263,1,0.5179,3.6,-0.233,19.9,3
CLI00384,Alta Renda,77,7,17.67,4,0.2243,1,ADV0221,1,0.2243,40.7,0.131,29.5,6
CLI00385,Alta Renda,132,8,10.0,1,1.2654,0,ADV0242,0,0.0,26.4,-0.191,6.3,2
CLI00386,Varejo,90,3,12.08,4,0.1828,0,ADV0086,0,0.0,13.7,-0.075,16.6,3
CLI00387,Varejo,89,5,16.38,1,0.0403,1,ADV0055,0,0.0,28.4,0.179,11.9,4
CLI00388,Alta Renda,94,2,8.17,0,0.0348,0,ADV0225,0,0.0,7.8,-0.177,13.8,1
CLI00389,Alta Renda,7,3,15.96,3,0.0995,0,ADV0243,1,0.0995,25.6,-0.252,20.9,3
CLI00390,Corporate,95,6,18.39,2,0.1141,0,ADV0297,0,0.0,10.1,0.102,11.0,4
CLI00391,Varejo,108,5,8.75,1,0.0791,0,ADV0123,1,0.0791,9.6,0.411,12.7,4
CLI00392,Varejo,74,7,17.25,4,0.1953,0,ADV0111,0,0.0,5.9,0.274,25.0,6
CLI00393,Alta Renda,39,4,4.11,2,0.0765,0,ADV0233,0,0.0,17.6,0.156,18.1,5
CLI00394,Varejo,141,6,13.14,5,0.23,0,ADV0103,0,0.0,13.3,0.215,12.5,5
CLI00395,Wealth,71,5,6.34,3,0.084,0,ADV0279,0,0.0,31.8,0.14,14.8,1
CLI00396,Alta Renda,56,6,15.46,1,0.3758,0,ADV0257,0,0.0,5.3,0.099,14.1,7
CLI00397,Varejo,42,3,15.11,3,0.1105,0,ADV0129,0,0.0,17.6,0.198,2.8,1
CLI00398,Alta Renda,36,7,20.22,4,0.8353,0,ADV0225,0,0.0,28.0,-0.301,15.0,3
CLI00399,Alta Renda,84,4,17.47,3,0.386,0,ADV0226,0,0.0,15.0,0.044,4.7,3
CLI00400,Varejo,118,5,10.8,5,0.2126,1,ADV0032,0,0.0,15.9,-0.006,29.4,3
CLI00401,Wealth,7,1,6.96,4,0.1262,0,ADV0270,0,0.0,14.7,0.017,4.6,6
CLI00402,Varejo,54,8,13.88,3,0.0229,0,ADV0152,0,0.0,30.2,-0.102,10.0,4
CLI00403,Alta Renda,129,4,11.24,1,1.0383,0,ADV0248,0,0.0,30.1,0.115,8.6,4
CLI00404,Varejo,120,1,18.01,3,0.0682,0,ADV0097,0,0.0,12.0,-0.18,33.8,5
CLI00405,Wealth,106,6,2.4,1,0.186,0,ADV0268,0,0.0,29.8,-0.117,26.7,3
CLI00406,Varejo,47,2,20.69,1,0.2584,0,ADV0116,0,0.0,12.8,-0.144,1.4,3
CLI00407,Varejo,123,4,13.73,4,0.1302,1,ADV0004,0,0.0,24.4,0.103,15.7,3
CLI00408,Wealth,141,6,8.09,3,0.9617,0,ADV0271,0,0.0,19.0,-0.003,5.4,4
CLI00409,Varejo,119,1,14.58,3,0.0338,0,ADV0029,0,0.0,9.7,-0.101,15.0,6
CLI00410,Varejo,118,3,16.95,1,1.5748,0,ADV0096,0,0.0,6.1,-0.082,20.6,3
CLI00411,Wealth,21,3,11.98,6,0.3957,0,ADV0285,0,0.0,28.5,0.001,15.9,3
CLI00412,Wealth,137,2,4.09,3,0.12,1,ADV0285,0,0.0,34.9,0.651,22.5,2
CLI00413,Varejo,26,8,10.27,1,0.1217,0,ADV0172,0,0.0,17.3,-0.272,11.2,4
CLI00414,Varejo,9,4,15.87,4,0.0093,0,ADV0190,0,0.0,12.8,0.149,16.2,9
CLI00415,Varejo,15,4,13.59,1,0.0549,0,ADV0135,0,0.0,4.7,0.104,20.9,5
CLI00416,Varejo,10,4,10.84,4,0.1043,0,ADV0089,0,0.0,28.0,-0.194,9.7,4
CLI00417,Varejo,122,8,16.99,4,0.2078,0,ADV0099,0,0.0,16.0,0.323,6.9,2
CLI00418,Alta Renda,121,6,14.61,1,0.85,1,ADV0203,0,0.0,14.7,0.023,11.8,4
CLI00419,Alta Renda,125,7,14.93,1,2.3369,0,ADV0226,0,0.0,23.3,-0.112,12.4,5
CLI00420,Alta Renda,72,7,9.78,1,0.2355,1,ADV0238,0,0.0,14.9,-0.427,40.8,2
CLI00421,Alta Renda,49,2,9.37,2,0.216,0,ADV0237,0,0.0,5.6,0.05,16.8,4
CLI00422,Varejo,91,4,4.36,4,0.0874,1,ADV0029,0,0.0,11.8,-0.354,16.0,2
CLI00423,Varejo,37,6,10.41,3,0.0178,1,ADV0149,0,0.0,19.0,-0.462,24.6,4
CLI00424,Varejo,68,3,15.43,2,0.0752,0,ADV0019,0,0.0,14.9,-0.23,38.6,4
CLI00425,Varejo,50,1,10.64,6,0.1265,0,ADV0165,0,0.0,20.1,0.191,8.7,7
CLI00426,Varejo,19,6,13.37,3,0.5874,0,ADV0133,0,0.0,26.8,-0.43,51.8,2
CLI00427,Alta Renda,100,8,16.17,1,0.3248,0,ADV0265,1,0.3248,20.6,0.069,41.8,3
CLI00428,Varejo,60,7,13.07,3,0.2205,1,ADV0106,0,0.0,45.9,0.124,25.2,3
CLI00429,Varejo,89,7,13.48,1,0.0777,0,ADV0036,0,0.0,26.8,0.109,12.1,6
CLI00430,Varejo,69,3,5.8,2,0.0126,0,ADV0043,0,0.0,11.9,-0.065,8.2,7
CLI00431,Alta Renda,49,3,10.15,4,0.0136,0,ADV0229,1,0.0136,8.6,0.065,23.4,5
CLI00432,Varejo,108,8,18.75,3,0.019,0,ADV0185,1,0.019,12.2,-0.163,14.2,2
CLI00433,Varejo,119,1,11.94,4,0.1131,0,ADV0032,0,0.0,21.1,-0.011,15.2,2
CLI00434,Varejo,37,3,19.47,3,0.6019,1,ADV0027,0,0.0,14.0,0.388,9.6,4
CLI00435,Alta Renda,143,2,8.46,0,0.5811,0,ADV0212,0,0.0,21.5,0.033,23.8,4
CLI00436,Varejo,11,1,12.48,7,0.4639,0,ADV0024,0,0.0,19.9,0.084,11.4,5
CLI00437,Alta Renda,138,3,9.89,2,0.0846,1,ADV0246,0,0.0,23.5,-0.433,18.3,5
CLI00438,Alta Renda,78,5,13.99,4,0.7316,0,ADV0213,1,0.7316,26.4,-0.13,12.8,4
CLI00439,Varejo,77,6,15.26,1,0.0493,1,ADV0026,1,0.0493,19.0,-0.12,8.8,7
CLI00440,Varejo,2,3,14.03,3,0.5013,0,ADV0027,0,0.0,39.7,-0.061,30.7,7
CLI00441,Corporate,64,2,15.88,3,0.0187,0,ADV0296,0,0.0,12.9,0.299,41.5,9
CLI00442,Varejo,35,4,11.44,5,0.0358,0,ADV0112,0,0.0,10.4,-0.078,13.1,5
CLI00443,Varejo,7,3,10.7,1,1.4168,0,ADV0111,0,0.0,5.4,-0.252,26.2,4
CLI00444,Alta Renda,85,7,4.12,3,0.1268,0,ADV0244,0,0.0,5.3,0.119,25.8,0
CLI00445,Wealth,67,7,14.18,1,0.0682,0,ADV0284,0,0.0,24.4,0.296,0.4,3
CLI00446,Corporate,42,7,12.22,0,0.6932,0,ADV0296,0,0.0,37.2,-0.277,8.3,3
CLI00447,Alta Renda,118,4,11.21,4,0.8046,0,ADV0226,0,0.0,12.1,0.434,14.6,2
CLI00448,Varejo,125,7,10.7,3,0.0941,0,ADV0112,0,0.0,11.5,0.091,9.9,9
CLI00449,Varejo,24,5,11.35,2,0.2374,1,ADV0027,0,0.0,31.6,0.182,16.0,7
CLI00450,Alta Renda,46,3,10.51,2,0.1975,0,ADV0233,0,0.0,27.6,0.323,26.9,6
CLI00451,Varejo,19,8,9.28,3,0.0042,0,ADV0167,0,0.0,6.1,0.214,9.6,4
CLI00452,Varejo,68,7,12.51,2,0.0269,0,ADV0127,0,0.0,15.5,-0.024,16.9,7
CLI00453,Wealth,102,1,13.53,4,0.5627,0,ADV0271,0,0.0,24.8,0.268,25.4,8
CLI00454,Varejo,42,8,8.26,2,0.056,0,ADV0034,0,0.0,18.5,0.056,31.8,2
CLI00455,Varejo,32,4,9.82,7,0.3292,1,ADV0148,0,0.0,7.2,0.146,5.8,2
CLI00456,Varejo,109,5,10.64,3,0.2327,0,ADV0004,0,0.0,20.7,0.264,6.2,2
CLI00457,Varejo,36,1,11.52,2,0.8026,1,ADV0141,0,0.0,21.8,-0.387,20.4,2
CLI00458,Varejo,97,1,10.96,3,0.0281,0,ADV0018,0,0.0,31.1,0.175,2.2,5
CLI00459,Varejo,131,1,14.27,1,0.276,1,ADV0036,0,0.0,38.6,-0.088,7.2,3
CLI00460,Varejo,73,1,4.56,3,0.1518,0,ADV0036,0,0.0,30.1,0.03,28.7,9
CLI00461,Varejo,136,8,5.3,3,0.0592,1,ADV0195,0,0.0,16.3,-0.136,20.3,9
CLI00462,Alta Renda,97,8,12.31,3,0.0587,0,ADV0224,0,0.0,3.0,0.019,12.4,1
CLI00463,Varejo,123,3,8.97,7,0.2222,0,ADV0175,0,0.0,11.5,0.335,18.4,4
CLI00464,Wealth,70,7,15.21,3,0.3748,0,ADV0288,0,0.0,13.5,-0.301,21.2,3
CLI00465,Varejo,13,6,16.41,2,0.1795,0,ADV0112,0,0.0,36.9,-0.379,4.2,8
CLI00466,Varejo,49,3,12.48,1,0.187,0,ADV0087,0,0.0,7.2,-0.425,9.5,5
CLI00467,Alta Renda,60,3,7.0,3,0.0865,0,ADV0259,0,0.0,4.1,0.235,31.1,6
CLI00468,Varejo,130,5,15.93,2,0.0942,0,ADV0068,1,0.0942,9.4,-0.17,15.8,5
CLI00469,Wealth,5,5,12.34,1,0.059,1,ADV0288,0,0.0,9.1,0.023,18.3,4
CLI00470,Varejo,27,7,5.25,3,0.0842,0,ADV0004,0,0.0,3.7,-0.025,13.1,8
CLI00471,Wealth,8,6,5.63,5,0.3581,0,ADV0291,0,0.0,12.3,-0.195,2.9,2
CLI00472,Varejo,50,5,17.87,4,0.4141,0,ADV0015,0,0.0,13.9,0.187,8.6,4
CLI00473,Wealth,67,7,17.17,4,0.0315,0,ADV0266,0,0.0,3.5,-0.028,17.7,7
CLI00474,Varejo,44,7,0.93,5,0.0515,0,ADV0159,0,0.0,10.3,-0.052,9.6,8
CLI00475,Corporate,125,8,5.8,2,0.0656,0,ADV0297,0,0.0,7.1,0.051,6.0,5
CLI00476,Varejo,58,2,16.29,3,0.1521,1,ADV0024,0,0.0,29.5,0.105,6.9,5
CLI00477,Varejo,3,8,11.42,3,0.0185,1,ADV0166,0,0.0,15.7,-0.342,35.9,6
CLI00478,Wealth,86,6,14.45,4,0.0527,0,ADV0290,0,0.0,7.1,0.192,9.3,6
CLI00479,Varejo,70,5,11.24,1,0.0273,0,ADV0157,0,0.0,26.3,0.319,27.7,5
CLI00480,Varejo,130,6,14.25,2,0.2782,1,ADV0189,0,0.0,22.4,-0.291,20.6,4
CLI00481,Alta Renda,2,3,11.52,2,0.159,0,ADV0210,1,0.159,7.4,0.061,11.4,7
CLI00482,Varejo,102,3,9.66,3,0.0906,1,ADV0137,0,0.0,4.9,-0.254,19.6,3
CLI00483,Varejo,35,6,15.95,1,0.0415,0,ADV0188,0,0.0,15.8,0.154,20.6,2
CLI00484,Varejo,98,2,12.35,1,0.0924,0,ADV0175,0,0.0,18.6,-0.268,25.7,4
CLI00485,Wealth,30,2,14.24,5,0.0793,0,ADV0270,0,0.0,9.0,0.358,21.9,6
CLI00486,Varejo,116,8,12.16,1,1.3841,0,ADV0016,0,0.0,14.5,-0.354,4.6,5
CLI00487,Varejo,8,6,9.46,1,0.6042,0,ADV0085,0,0.0,35.3,-0.054,9.2,3
CLI00488,Wealth,44,5,18.26,1,0.0673,0,ADV0285,0,0.0,23.7,0.096,10.1,3
CLI00489,Wealth,36,8,12.99,1,0.2049,0,ADV0266,0,0.0,1.4,-0.151,2.3,2
CLI00490,Varejo,77,4,10.01,1,0.5641,0,ADV0138,0,0.0,7.3,-0.186,18.3,8
CLI00491,Varejo,31,2,16.87,1,0.0673,0,ADV0186,0,0.0,11.9,0.049,20.0,6
CLI00492,Varejo,47,1,5.95,3,0.0262,1,ADV0084,0,0.0,21.7,0.048,22.3,6
CLI00493,Varejo,55,8,20.89,2,0.016,0,ADV0059,0,0.0,14.7,0.001,17.5,4
CLI00494,Varejo,106,3,10.75,5,0.8641,0,ADV0140,0,0.0,17.8,0.189,10.7,1
CLI00495,Varejo,121,8,6.17,5,0.1289,0,ADV0106,0,0.0,12.1,-0.087,7.3,5
CLI00496,Varejo,55,6,19.5,2,0.2414,0,ADV0175,0,0.0,13.2,0.07,10.7,6
CLI00497,Varejo,12,1,9.55,2,0.0784,0,ADV0025,0,0.0,24.5,-0.111,16.6,4
CLI00498,Corporate,140,6,12.52,4,0.0318,0,ADV0293,0,0.0,16.0,-0.187,29.3,3
CLI00499,Corporate,136,7,14.51,0,0.0405,0,ADV0296,0,0.0,4.9,-0.063,14.2,3
CLI00500,Alta Renda,3,3,16.47,2,0.0289,1,ADV0211,0,0.0,15.0,-0.332,36.5,9
CLI00501,Varejo,30,3,12.76,3,0.4991,1,ADV0162,0,0.0,15.1,-0.025,16.0,0
CLI00502,Varejo,23,2,8.78,3,1.1507,0,ADV0093,0,0.0,2.1,0.256,17.3,9
CLI00503,Alta Renda,92,8,12.42,2,0.1735,0,ADV0245,0,0.0,14.7,-0.056,30.7,2
CLI00504,Alta Renda,115,2,9.74,2,0.023,0,ADV0206,0,0.0,5.5,-0.146,12.4,6
CLI00505,Varejo,104,1,12.55,3,0.3152,0,ADV0049,0,0.0,24.7,0.006,11.8,2
CLI00506,Wealth,118,8,18.34,1,0.856,0,ADV0273,0,0.0,17.6,0.023,10.2,1
CLI00507,Alta Renda,5,7,14.67,1,0.5846,0,ADV0246,0,0.0,4.7,-0.261,21.1,5
CLI00508,Wealth,104,6,12.37,3,0.1592,0,ADV0285,0,0.0,24.0,-0.066,2.4,5
CLI00509,Alta Renda,108,7,14.6,1,0.1219,0,ADV0218,0,0.0,31.4,-0.075,27.8,4
CLI00510,Varejo,65,3,14.9,6,0.1575,0,ADV0183,0,0.0,10.8,-0.038,11.4,4
CLI00511,Varejo,121,1,6.97,2,0.8129,0,ADV0125,0,0.0,11.8,0.16,17.5,3
CLI00512,Wealth,30,4,11.68,6,0.4442,0,ADV0280,0,0.0,22.5,0.03,22.1,5
CLI00513,Alta Renda,84,1,22.26,8,0.1001,0,ADV0259,0,0.0,29.9,0.27,6.6,1
CLI00514,Varejo,32,5,16.59,1,0.0969,1,ADV0016,0,0.0,31.4,-0.246,22.9,2
CLI00515,Varejo,16,1,9.39,2,0.0884,0,ADV0009,0,0.0,5.2,0.391,11.2,3
CLI00516,Varejo,38,7,8.97,1,0.0414,0,ADV0112,0,0.0,9.5,-0.101,5.4,4
CLI00517,Alta Renda,142,5,8.83,6,0.9583,0,ADV0244,0,0.0,10.3,-0.169,25.5,8
CLI00518,Corporate,36,5,15.14,3,0.0594,0,ADV0296,0,0.0,22.0,0.12,10.6,9
CLI00519,Varejo,114,8,18.25,1,0.3127,0,ADV0046,0,0.0,30.0,0.3,5.2,4
CLI00520,Varejo,66,8,13.95,2,0.07,0,ADV0178,0,0.0,31.5,-0.303,13.8,6
CLI00521,Varejo,105,5,12.16,1,0.0889,0,ADV0113,0,0.0,2.7,-0.043,4.0,5
CLI00522,Wealth,85,4,9.63,5,0.1426,0,ADV0291,0,0.0,6.8,-0.134,9.6,6
CLI00523,Alta Renda,2,8,12.88,2,0.3358,0,ADV0252,0,0.0,8.2,0.031,16.4,8
CLI00524,Alta Renda,75,1,8.06,2,0.118,0,ADV0251,0,0.0,6.8,0.002,3.7,2
CLI00525,Varejo,67,7,3.37,3,0.0376,1,ADV0141,0,0.0,22.4,0.496,23.3,5
CLI00526,Varejo,55,1,18.37,3,0.1695,0,ADV0124,0,0.0,19.0,-0.024,14.3,4
CLI00527,Varejo,6,4,7.28,4,0.061,0,ADV0083,1,0.061,13.1,0.302,22.2,4
CLI00528,Varejo,143,3,10.14,2,1.23,0,ADV0018,0,0.0,12.2,-0.069,22.1,4
CLI00529,Alta Renda,86,2,14.26,1,0.1179,0,ADV0258,0,0.0,9.8,0.204,9.4,3
CLI00530,Alta Renda,60,7,17.52,3,0.0694,0,ADV0244,0,0.0,10.7,0.05,9.6,3
CLI00531,Corporate,101,8,12.58,7,2.1538,0,ADV0299,0,0.0,35.1,0.381,18.4,6
CLI00532,Corporate,12,7,6.49,2,0.432,0,ADV0298,0,0.0,20.9,-0.325,5.8,3
CLI00533,Varejo,49,1,10.23,2,0.0515,0,ADV0166,0,0.0,10.1,-0.256,5.8,3
CLI00534,Alta Renda,42,2,8.65,4,0.0591,0,ADV0231,0,0.0,12.1,0.403,8.5,6
CLI00535,Wealth,82,6,11.34,5,0.3062,0,ADV0283,0,0.0,17.8,-0.161,4.4,3
CLI00536,Alta Renda,35,6,16.67,2,0.1749,0,ADV0254,0,0.0,4.7,-0.147,5.1,9
CLI00537,Varejo,134,8,0.84,4,0.5258,0,ADV0075,0,0.0,14.5,-0.193,5.3,6
CLI00538,Varejo,67,4,9.77,4,0.0698,0,ADV0136,0,0.0,20.2,0.253,10.6,5
CLI00539,Varejo,80,6,9.47,1,0.4112,0,ADV0039,0,0.0,18.5,-0.276,10.3,4
CLI00540,Wealth,7,7,6.22,6,0.009,0,ADV0285,0,0.0,6.9,0.005,24.4,3
CLI00541,Varejo,14,6,13.96,5,0.1352,0,ADV0182,0,0.0,8.0,-0.058,10.8,5
CLI00542,Varejo,73,3,5.56,5,0.0741,0,ADV0069,0,0.0,1.8,0.228,12.6,2
CLI00543,Alta Renda,143,3,6.04,6,0.0915,0,ADV0202,1,0.0915,21.6,-0.124,37.0,6
CLI00544,Varejo,66,8,15.07,3,0.1446,0,ADV0185,1,0.1446,44.6,0.091,1.5,2
CLI00545,Varejo,91,3,17.8,1,0.7262,0,ADV0107,0,0.0,6.1,-0.258,15.3,9
CLI00546,Varejo,130,6,11.18,1,0.0369,0,ADV0034,0,0.0,26.7,0.5,11.4,5
CLI00547,Alta Renda,20,4,6.39,6,0.0096,1,ADV0202,1,0.0096,46.3,-0.431,21.4,4
CLI00548,Varejo,10,5,8.54,2,0.0429,1,ADV0157,0,0.0,11.1,-0.052,9.3,5
CLI00549,Alta Renda,25,5,15.73,4,0.6245,0,ADV0232,1,0.6245,12.1,0.364,10.7,2
CLI00550,Varejo,25,8,11.99,3,0.0195,1,ADV0157,0,0.0,15.8,-0.115,31.1,4
CLI00551,Alta Renda,54,2,11.08,7,0.0786,0,ADV0255,0,0.0,18.1,0.367,18.2,7
CLI00552,Varejo,33,5,12.81,2,0.4924,0,ADV0165,0,0.0,16.2,-0.091,11.1,5
CLI00553,Varejo,95,5,11.34,4,0.1532,0,ADV0168,0,0.0,9.7,0.148,7.4,3
CLI00554,Alta Renda,14,3,17.99,0,0.717,0,ADV0262,0,0.0,20.0,-0.126,5.8,4
CLI00555,Varejo,65,3,8.35,1,0.0117,0,ADV0120,0,0.0,9.8,-0.298,9.3,9
CLI00556,Varejo,110,6,7.87,2,0.1088,0,ADV0040,0,0.0,17.0,0.091,11.8,4
CLI00557,Varejo,80,8,5.69,7,0.9402,0,ADV0010,0,0.0,12.8,0.141,36.9,4
CLI00558,Alta Renda,54,2,9.23,3,0.0382,1,ADV0226,0,0.0,5.5,-0.751,21.0,8
CLI00559,Varejo,125,8,6.91,4,0.6346,0,ADV0186,0,0.0,29.2,-0.068,8.1,2
CLI00560,Alta Renda,131,1,12.42,6,0.1217,0,ADV0213,1,0.1217,8.2,0.264,1.5,1
CLI00561,Varejo,134,7,11.59,4,0.2907,0,ADV0066,0,0.0,31.1,0.132,7.3,4
CLI00562,Varejo,25,2,6.97,3,0.8556,1,ADV0041,0,0.0,26.1,-0.087,13.9,1
CLI00563,Varejo,141,2,13.97,1,0.289,1,ADV0005,0,0.0,27.2,-0.381,16.7,5
CLI00564,Varejo,117,4,17.87,3,0.0766,0,ADV0106,0,0.0,18.7,0.429,9.5,9
CLI00565,Varejo,136,8,13.0,2,0.3432,0,ADV0177,0,0.0,20.3,-0.318,37.9,2
CLI00566,Varejo,25,6,0.82,5,0.0699,0,ADV0117,0,0.0,11.3,-0.013,11.3,5
CLI00567,Varejo,79,4,19.85,3,0.2358,0,ADV0131,0,0.0,11.7,-0.322,24.9,5
CLI00568,Wealth,68,2,14.64,3,0.0325,0,ADV0270,0,0.0,19.6,0.289,3.4,6
CLI00569,Varejo,12,2,19.72,0,0.1717,0,ADV0105,0,0.0,12.9,-0.002,12.8,3
CLI00570,Varejo,32,2,16.08,2,0.7758,0,ADV0155,1,0.7758,9.7,0.039,7.3,3
CLI00571,Alta Renda,128,5,16.92,4,0.1121,0,ADV0235,0,0.0,7.0,0.609,25.3,10
CLI00572,Varejo,96,8,12.36,6,0.6851,0,ADV0118,0,0.0,17.4,-0.131,10.0,3
CLI00573,Varejo,92,7,10.4,3,9.2208,0,ADV0187,0,0.0,7.9,0.385,29.0,5
CLI00574,Alta Renda,141,7,13.07,3,0.1592,0,ADV0258,0,0.0,23.2,-0.086,20.1,4
CLI00575,Wealth,31,4,8.52,1,0.3673,0,ADV0285,0,0.0,24.5,-0.051,9.1,8
CLI00576,Varejo,78,2,13.32,5,0.3073,0,ADV0045,0,0.0,18.6,0.58,5.7,6
CLI00577,Wealth,20,7,0.47,6,0.2215,0,ADV0278,0,0.0,21.3,-0.035,7.7,5
CLI00578,Varejo,60,3,11.68,2,0.4604,1,ADV0148,0,0.0,24.0,-0.049,36.4,6
CLI00579,Varejo,134,8,17.15,0,0.1197,0,ADV0078,0,0.0,22.3,0.062,20.0,5
CLI00580,Varejo,93,7,11.9,2,0.0699,0,ADV0139,0,0.0,21.7,-0.038,13.1,8
CLI00581,Corporate,43,6,18.76,4,0.0227,0,ADV0294,0,0.0,16.7,0.081,22.3,6
CLI00582,Varejo,130,8,10.39,3,0.1059,0,ADV0148,0,0.0,26.2,-0.029,30.4,8
CLI00583,Varejo,60,6,15.71,4,0.5336,1,ADV0099,0,0.0,12.7,-0.006,24.3,4
CLI00584,Varejo,31,7,7.81,4,0.0487,0,ADV0190,0,0.0,7.2,0.122,6.2,1
CLI00585,Varejo,5,3,15.54,6,0.2278,1,ADV0073,0,0.0,8.3,-0.535,17.3,10
CLI00586,Varejo,10,6,12.48,3,0.1409,0,ADV0025,0,0.0,10.3,0.027,40.5,5
CLI00587,Varejo,89,5,10.58,2,0.0738,0,ADV0039,0,0.0,2.0,-0.176,23.1,2
CLI00588,Varejo,130,7,0.69,5,0.0149,0,ADV0039,0,0.0,15.2,-0.054,16.1,4
CLI00589,Varejo,126,5,10.43,5,0.9721,0,ADV0046,0,0.0,20.4,-0.2,6.8,3
CLI00590,Varejo,11,7,12.4,3,0.3238,1,ADV0042,0,0.0,30.5,-0.149,13.9,3
CLI00591,Varejo,56,1,14.98,3,5.285,1,ADV0192,0,0.0,9.6,-0.43,8.5,6
CLI00592,Varejo,83,1,18.06,1,0.6725,0,ADV0057,0,0.0,7.0,0.151,5.4,11
CLI00593,Varejo,137,1,20.05,4,0.9443,1,ADV0105,0,0.0,38.9,0.025,19.7,3
CLI00594,Wealth,99,6,16.73,2,0.017,0,ADV0268,0,0.0,11.3,-0.255,2.9,4
CLI00595,Varejo,73,5,9.14,5,0.0166,1,ADV0143,0,0.0,21.1,-0.324,10.4,4
CLI00596,Alta Renda,115,5,10.22,4,0.1746,0,ADV0201,0,0.0,4.4,0.088,4.9,7
CLI00597,Varejo,7,5,14.6,3,0.0372,0,ADV0053,0,0.0,30.9,0.123,5.6,4
CLI00598,Varejo,80,3,13.68,3,0.0682,0,ADV0061,0,0.0,4.1,-0.577,13.7,5
CLI00599,Varejo,97,5,18.34,3,4.4112,0,ADV0014,0,0.0,14.9,-0.272,7.7,5
CLI00600,Varejo,4,3,21.91,3,0.7763,1,ADV0052,0,0.0,22.0,0.134,6.4,2
CLI00601,Varejo,4,1,21.02,3,0.049,0,ADV0085,0,0.0,8.9,-0.203,8.8,4
CLI00602,Varejo,103,1,17.77,3,0.0076,0,ADV0055,0,0.0,18.2,0.045,4.0,5
CLI00603,Varejo,40,6,13.72,1,0.0439,0,ADV0028,0,0.0,18.5,-0.277,27.9,5
CLI00604,Varejo,17,7,17.17,4,0.0801,1,ADV0037,0,0.0,19.2,-0.138,28.0,4
CLI00605,Varejo,101,1,18.48,2,0.1089,0,ADV0139,0,0.0,8.8,0.205,20.6,6
CLI00606,Varejo,103,7,10.88,4,0.0313,0,ADV0064,0,0.0,7.5,0.161,7.1,5
CLI00607,Varejo,124,7,9.26,1,0.7181,0,ADV0109,0,0.0,9.5,0.227,17.5,3
CLI00608,Varejo,52,8,8.28,5,0.0656,0,ADV0152,0,0.0,6.7,0.344,15.1,1
CLI00609,Alta Renda,52,6,7.82,3,0.3841,1,ADV0208,0,0.0,28.8,-0.222,12.3,3
CLI00610,Varejo,124,2,5.7,3,0.1773,1,ADV0013,0,0.0,11.7,-0.547,21.9,4
CLI00611,Alta Renda,63,2,12.55,4,0.5599,0,ADV0240,0,0.0,14.6,0.197,3.4,2
CLI00612,Varejo,116,4,7.3,2,0.1213,1,ADV0188,0,0.0,34.4,-0.074,6.7,5
CLI00613,Varejo,62,8,8.21,3,0.0497,0,ADV0027,0,0.0,6.4,-0.148,12.3,5
CLI00614,Alta Renda,7,6,14.45,1,0.0759,1,ADV0261,0,0.0,10.7,-0.373,31.6,10
CLI00615,Wealth,92,4,12.26,0,0.0773,1,ADV0276,0,0.0,8.3,-0.067,16.9,6
CLI00616,Varejo,14,4,13.3,4,2.4204,0,ADV0021,0,0.0,15.7,-0.353,7.7,5
CLI00617,Varejo,86,8,17.23,1,0.1826,0,ADV0084,0,0.0,15.0,-0.28,10.2,3
CLI00618,Alta Renda,133,2,15.13,3,0.1663,0,ADV0242,0,0.0,17.2,-0.274,13.0,4
CLI00619,Alta Renda,130,6,17.88,1,0.5203,0,ADV0225,0,0.0,12.1,-0.065,7.2,3
CLI00620,Varejo,62,2,11.84,2,0.1653,0,ADV0058,0,0.0,0.9,0.06,10.1,4
CLI00621,Varejo,79,4,18.27,5,0.7105,0,ADV0065,0,0.0,11.8,0.095,15.0,12
CLI00622,Varejo,138,6,13.01,2,0.1019,0,ADV0111,0,0.0,24.6,-0.112,32.8,3
CLI00623,Varejo,58,4,12.21,3,0.0893,1,ADV0146,0,0.0,45.2,-0.505,19.5,4
CLI00624,Varejo,120,5,17.64,0,0.0462,0,ADV0185,1,0.0462,13.9,0.027,9.2,1
CLI00625,Varejo,133,8,7.84,2,1.8314,0,ADV0110,1,1.8314,15.0,-0.329,23.0,7
CLI00626,Varejo,65,7,20.0,3,0.151,1,ADV0140,0,0.0,28.6,0.015,35.5,5
CLI00627,Alta Renda,13,6,10.32,3,0.0359,0,ADV0224,0,0.0,28.3,0.283,18.6,6
CLI00628,Varejo,82,6,6.38,7,0.2135,0,ADV0013,0,0.0,13.1,-0.138,26.2,6
CLI00629,Varejo,139,7,14.24,2,0.071,0,ADV0077,0,0.0,19.7,-0.088,6.9,1
CLI00630,Alta Renda,52,4,9.92,2,0.0996,1,ADV0215,1,0.0996,9.3,0.047,25.3,5
CLI00631,Wealth,117,5,20.01,2,0.2476,0,ADV0268,0,0.0,4.5,-0.027,21.1,3
CLI00632,Varejo,26,3,9.68,2,1.194,0,ADV0154,0,0.0,9.2,0.129,5.6,9
CLI00633,Varejo,34,7,12.82,5,0.1886,0,ADV0160,0,0.0,32.5,-0.02,10.3,3
CLI00634,Varejo,52,8,5.51,3,0.0656,0,ADV0033,0,0.0,20.0,0.342,1.9,6
CLI00635,Varejo,112,2,14.91,3,0.0857,1,ADV0134,0,0.0,9.1,-0.41,22.5,5
CLI00636,Varejo,82,4,8.23,2,0.3881,0,ADV0161,1,0.3881,20.6,0.12,24.3,7
CLI00637,Varejo,42,7,14.41,3,0.013,0,ADV0074,0,0.0,5.3,0.125,8.9,4
CLI00638,Varejo,21,7,9.7,5,0.0426,0,ADV0081,0,0.0,17.0,-0.122,6.1,7
CLI00639,Varejo,42,6,2.9,1,0.2179,1,ADV0113,0,0.0,14.4,-0.735,9.2,4
CLI00640,Varejo,141,2,12.05,2,0.018,1,ADV0007,0,0.0,6.3,0.03,13.8,3
CLI00641,Varejo,113,2,11.86,2,0.1101,0,ADV0097,0,0.0,35.9,0.028,18.5,5
CLI00642,Varejo,105,8,15.2,1,0.0888,0,ADV0065,0,0.0,10.2,-0.259,33.2,6
CLI00643,Varejo,17,2,18.04,4,0.5172,0,ADV0099,0,0.0,19.7,0.412,1.7,13
CLI00644,Varejo,120,7,19.53,5,0.1194,0,ADV0037,0,0.0,13.5,0.215,30.8,5
CLI00645,Wealth,137,3,15.13,0,0.7731,0,ADV0266,0,0.0,5.6,0.008,14.8,7
CLI00646,Varejo,129,1,12.67,3,0.1831,0,ADV0178,0,0.0,11.0,-0.06,23.6,9
CLI00647,Alta Renda,130,4,5.51,8,1.6643,0,ADV0205,0,0.0,5.7,0.044,20.4,0
CLI00648,Alta Renda,60,1,12.35,0,0.0272,1,ADV0237,0,0.0,66.0,-0.214,17.3,1
CLI00649,Varejo,48,7,12.4,3,1.3529,0,ADV0150,0,0.0,22.1,-0.447,13.1,8
CLI00650,Varejo,29,1,10.67,4,0.0969,0,ADV0028,0,0.0,13.3,0.465,16.8,4
CLI00651,Varejo,97,7,14.16,1,1.1231,0,ADV0162,0,0.0,19.0,-0.174,10.9,3
CLI00652,Varejo,10,1,16.21,4,0.7717,1,ADV0176,0,0.0,24.0,-0.023,40.6,3
CLI00653,Alta Renda,58,2,8.06,4,0.0041,0,ADV0224,0,0.0,21.2,0.008,19.1,5
CLI00654,Varejo,21,5,8.0,4,0.3082,0,ADV0130,0,0.0,20.6,0.439,7.2,3
CLI00655,Varejo,28,2,10.91,2,0.6047,0,ADV0039,0,0.0,19.6,-0.019,25.0,6
CLI00656,Varejo,34,2,8.92,5,0.9298,0,ADV0086,0,0.0,14.1,0.349,23.8,5
CLI00657,Varejo,8,8,4.61,3,0.0358,1,ADV0108,0,0.0,35.9,-0.054,12.1,3
CLI00658,Varejo,79,6,7.31,3,0.3561,0,ADV0194,0,0.0,14.7,-0.212,19.2,5
CLI00659,Varejo,87,6,6.32,3,0.213,0,ADV0171,0,0.0,13.6,0.03,17.6,7
CLI00660,Varejo,88,1,16.58,2,0.2896,0,ADV0107,0,0.0,14.8,-0.026,8.6,4
CLI00661,Corporate,69,7,18.65,3,0.6057,0,ADV0296,0,0.0,15.5,-0.238,20.1,3
CLI00662,Varejo,87,8,6.9,0,0.7436,1,ADV0181,0,0.0,14.7,-0.221,32.3,6
CLI00663,Varejo,101,2,13.79,1,0.0705,0,ADV0073,0,0.0,6.6,0.005,25.6,2
CLI00664,Varejo,8,8,15.17,1,0.2334,0,ADV0032,0,0.0,12.1,0.122,4.1,8
CLI00665,Varejo,77,1,5.23,3,0.1744,0,ADV0046,0,0.0,2.8,0.043,18.0,4
CLI00666,Varejo,87,6,12.18,5,0.1211,0,ADV0075,0,0.0,13.3,-0.143,23.1,5
CLI00667,Varejo,43,5,22.14,1,0.1371,0,ADV0049,0,0.0,15.4,0.169,8.2,3
CLI00668,Varejo,129,4,14.34,6,0.2133,0,ADV0058,0,0.0,4.3,-0.137,25.0,6
CLI00669,Varejo,109,1,10.47,3,0.0756,1,ADV0086,0,0.0,10.4,-0.224,7.5,7
CLI00670,Varejo,17,8,9.15,2,0.521,0,ADV0054,0,0.0,29.6,0.028,10.8,6
CLI00671,Wealth,133,5,3.01,0,0.8608,0,ADV0268,0,0.0,19.2,-0.122,7.7,2
CLI00672,Varejo,21,4,13.48,6,0.0569,0,ADV0026,1,0.0569,18.4,0.084,6.8,2
CLI00673,Varejo,58,3,19.68,5,0.9174,0,ADV0158,0,0.0,27.3,0.44,16.8,7
CLI00674,Varejo,110,1,8.08,3,0.057,0,ADV0122,1,0.057,6.7,0.446,4.4,4
CLI00675,Corporate,139,1,3.37,3,0.5311,0,ADV0295,0,0.0,4.4,-0.036,11.3,2
CLI00676,Varejo,143,3,8.71,0,0.9152,1,ADV0034,0,0.0,36.8,-0.16,25.3,7
CLI00677,Varejo,135,3,15.2,1,0.1462,0,ADV0118,0,0.0,12.4,0.129,7.8,3
CLI00678,Wealth,28,1,9.7,3,0.0576,0,ADV0290,0,0.0,6.6,-0.081,27.7,2
CLI00679,Alta Renda,51,3,8.05,2,0.0769,0,ADV0259,0,0.0,2.9,0.086,11.9,7
CLI00680,Alta Renda,5,2,11.58,1,0.2646,0,ADV0245,0,0.0,14.9,-0.145,35.3,5
CLI00681,Varejo,5,4,12.46,5,2.1256,1,ADV0078,0,0.0,19.7,0.183,10.4,3
CLI00682,Varejo,94,4,5.67,2,0.0183,0,ADV0052,0,0.0,9.9,-0.179,17.2,6
CLI00683,Alta Renda,96,4,10.59,4,0.1883,1,ADV0201,0,0.0,18.8,0.335,17.0,6
CLI00684,Wealth,8,2,9.41,5,0.1474,0,ADV0279,0,0.0,33.9,-0.13,10.0,0
CLI00685,Varejo,64,7,8.81,4,0.0913,0,ADV0167,0,0.0,3.6,0.145,13.5,6
CLI00686,Varejo,138,3,7.23,1,0.1488,0,ADV0172,0,0.0,10.7,-0.278,18.9,6
CLI00687,Varejo,38,5,15.45,3,0.0817,0,ADV0085,0,0.0,9.4,0.172,21.2,9
CLI00688,Alta Renda,111,3,8.79,2,0.832,0,ADV0231,0,0.0,19.5,-0.213,12.2,5
CLI00689,Varejo,112,1,3.12,4,0.9467,0,ADV0059,0,0.0,3.0,0.057,17.4,5
CLI00690,Varejo,81,6,12.61,2,0.1854,0,ADV0098,0,0.0,18.0,0.225,7.2,3
CLI00691,Varejo,136,8,14.55,5,0.1376,0,ADV0127,0,0.0,15.0,-0.044,21.5,3
CLI00692,Varejo,104,8,8.16,2,0.0871,1,ADV0153,0,0.0,8.8,-0.452,69.5,5
CLI00693,Varejo,73,4,9.15,4,0.1859,0,ADV0074,0,0.0,17.6,0.109,22.5,2
CLI00694,Varejo,49,3,8.77,3,1.8261,0,ADV0035,0,0.0,13.3,-0.185,7.7,1
CLI00695,Varejo,36,5,10.04,2,0.1444,1,ADV0182,0,0.0,42.9,0.138,6.4,5
CLI00696,Varejo,126,1,16.15,2,0.0555,1,ADV0088,0,0.0,22.7,-0.257,54.7,3
CLI00697,Varejo,68,2,11.02,3,0.0986,0,ADV0174,0,0.0,5.9,0.299,29.8,6
CLI00698,Varejo,78,7,15.03,0,0.4402,0,ADV0047,1,0.4402,18.1,0.006,21.3,2
CLI00699,Varejo,105,2,7.43,2,0.065,1,ADV0145,0,0.0,21.2,-0.383,36.1,5
CLI00700,Varejo,122,5,9.89,2,0.1582,0,ADV0161,1,0.1582,13.1,0.162,13.2,4
CLI00701,Varejo,119,1,15.51,3,0.3057,0,ADV0017,0,0.0,4.4,0.011,21.0,3
CLI00702,Varejo,114,4,8.12,2,0.0718,0,ADV0101,0,0.0,19.7,0.14,27.5,3
CLI00703,Varejo,10,3,15.75,0,0.0167,1,ADV0041,0,0.0,13.4,0.238,15.7,2
CLI00704,Varejo,140,1,8.86,3,0.0411,1,ADV0021,0,0.0,21.3,-0.033,18.0,5
CLI00705,Corporate,91,8,10.15,5,0.0541,0,ADV0297,0,0.0,45.2,-0.721,25.7,7
CLI00706,Varejo,2,7,18.51,2,0.1228,0,ADV0097,0,0.0,10.8,-0.18,6.0,7
CLI00707,Alta Renda,118,2,9.67,2,0.1751,0,ADV0244,0,0.0,21.6,0.266,10.1,3
CLI00708,Varejo,13,7,12.11,3,0.4823,0,ADV0077,0,0.0,11.4,-0.007,25.3,5
CLI00709,Alta Renda,95,7,14.09,3,0.0335,0,ADV0206,0,0.0,7.8,-0.075,15.3,5
CLI00710,Alta Renda,32,5,12.45,4,0.3992,0,ADV0229,1,0.3992,30.2,0.257,14.0,3
CLI00711,Varejo,32,5,12.57,1,0.1021,0,ADV0179,0,0.0,2.1,-0.022,12.9,5
CLI00712,Varejo,124,3,11.26,3,0.0162,0,ADV0142,0,0.0,25.3,-0.46,27.0,6
CLI00713,Varejo,11,5,6.03,2,0.1682,1,ADV0123,1,0.1682,4.5,-0.393,6.9,11
CLI00714,Varejo,10,5,12.96,2,0.915,0,ADV0105,0,0.0,23.6,0.092,9.7,10
CLI00715,Wealth,15,1,8.42,0,0.521,0,ADV0279,0,0.0,13.2,-0.015,4.4,4
CLI00716,Alta Renda,17,8,14.76,3,0.1497,0,ADV0249,1,0.1497,5.9,0.32,10.7,4
CLI00717,Wealth,59,4,17.26,3,0.7143,0,ADV0289,1,0.7143,9.5,-0.161,14.8,6
CLI00718,Varejo,78,3,3.92,2,0.2122,0,ADV0038,0,0.0,20.8,-0.068,2.6,9
CLI00719,Alta Renda,124,1,17.27,1,0.5919,0,ADV0220,0,0.0,42.5,-0.195,7.3,2
CLI00720,Wealth,114,4,9.77,3,0.0191,0,ADV0282,0,0.0,3.1,-0.115,15.3,3
CLI00721,Varejo,22,7,10.95,4,0.0326,1,ADV0057,0,0.0,13.0,-0.702,19.1,3
CLI00722,Varejo,32,1,7.67,3,0.4265,0,ADV0022,0,0.0,4.0,-0.085,36.8,6
CLI00723,Alta Renda,113,6,12.29,5,1.2227,0,ADV0223,0,0.0,11.3,-0.011,19.6,4
CLI00724,Varejo,120,1,11.78,3,0.2844,0,ADV0172,0,0.0,24.0,-0.03,11.8,5
CLI00725,Alta Renda,122,5,16.02,3,0.0866,0,ADV0252,0,0.0,3.5,0.473,14.6,1
CLI00726,Varejo,32,4,8.39,3,0.0547,1,ADV0042,0,0.0,15.1,0.434,25.1,3
CLI00727,Alta Renda,119,3,18.48,1,0.1097,0,ADV0239,1,0.1097,23.5,-0.165,9.7,3
CLI00728,Varejo,39,3,14.29,3,0.8007,0,ADV0063,0,0.0,9.4,-0.45,15.7,5
CLI00729,Varejo,12,4,11.88,2,0.1059,1,ADV0050,0,0.0,16.0,-0.08,9.7,4
CLI00730,Varejo,18,5,10.74,1,0.6454,0,ADV0050,0,0.0,28.8,0.083,16.3,8
CLI00731,Alta Renda,141,2,10.21,3,0.3861,0,ADV0245,0,0.0,5.3,-0.189,12.9,2
CLI00732,Alta Renda,126,1,10.49,3,1.5343,1,ADV0201,0,0.0,24.7,-0.17,12.8,4
CLI00733,Varejo,136,5,12.21,6,0.2145,0,ADV0157,0,0.0,16.4,0.348,11.7,4
CLI00734,Varejo,46,6,10.62,1,0.155,0,ADV0108,0,0.0,16.7,-0.057,21.7,5
CLI00735,Alta Renda,104,8,8.81,4,0.6886,0,ADV0263,1,0.6886,8.9,0.146,20.4,3
CLI00736,Varejo,135,7,12.23,2,0.049,0,ADV0117,0,0.0,7.6,-0.205,11.1,7
CLI00737,Alta Renda,86,4,7.99,4,0.0928,0,ADV0245,0,0.0,13.4,-0.013,21.1,4
CLI00738,Varejo,89,8,12.85,3,0.0186,1,ADV0132,1,0.0186,17.9,-0.399,15.5,2
CLI00739,Varejo,22,1,10.56,5,0.0324,0,ADV0113,0,0.0,5.2,-0.149,12.9,4
CLI00740,Varejo,92,3,14.43,4,2.0145,0,ADV0140,0,0.0,20.7,0.254,9.7,5
CLI00741,Varejo,29,7,15.65,2,0.4066,0,ADV0091,1,0.4066,4.9,-0.306,34.5,7
CLI00742,Alta Renda,13,8,15.65,4,0.0278,0,ADV0224,0,0.0,2.5,0.066,32.3,4
CLI00743,Varejo,2,2,12.84,2,0.7814,1,ADV0151,1,0.7814,9.3,0.022,23.1,7
CLI00744,Varejo,29,8,13.33,3,0.0662,1,ADV0071,0,0.0,9.6,-0.066,25.1,2
CLI00745,Wealth,27,6,10.14,1,0.3803,0,ADV0269,0,0.0,18.0,-0.075,17.1,3
CLI00746,Varejo,50,3,14.35,3,0.373,0,ADV0114,0,0.0,8.1,0.191,19.2,5
CLI00747,Varejo,95,4,14.82,3,1.4398,0,ADV0163,0,0.0,31.9,-0.207,6.1,4
CLI00748,Wealth,88,1,4.92,3,0.0822,1,ADV0271,0,0.0,17.2,0.526,7.5,5
CLI00749,Varejo,44,4,13.09,3,0.0631,0,ADV0187,0,0.0,6.8,-0.006,0.5,5
CLI00750,Varejo,22,7,17.25,5,0.005,0,ADV0036,0,0.0,17.5,-0.292,19.2,5
CLI00751,Wealth,97,1,10.0,2,0.1411,0,ADV0282,0,0.0,31.6,0.15,4.1,3
CLI00752,Varejo,3,5,9.09,2,0.4244,0,ADV0188,0,0.0,20.3,-0.044,8.3,3
CLI00753,Varejo,118,2,9.74,1,0.5069,0,ADV0101,0,0.0,3.3,-0.376,23.2,5
CLI00754,Varejo,19,5,5.18,5,0.8421,0,ADV0042,0,0.0,9.7,0.073,22.5,4
CLI00755,Alta Renda,23,5,12.03,4,0.2409,0,ADV0239,1,0.2409,15.6,0.221,33.3,5
CLI00756,Varejo,30,4,11.63,1,0.3186,0,ADV0186,0,0.0,19.8,0.282,40.2,2
CLI00757,Varejo,39,7,12.33,3,0.1806,0,ADV0161,1,0.1806,11.4,-0.083,60.9,8
CLI00758,Wealth,108,2,13.25,5,0.4147,0,ADV0268,0,0.0,10.2,0.032,10.4,4
CLI00759,Alta Renda,111,8,8.15,3,0.0491,0,ADV0237,0,0.0,38.9,0.011,8.7,1
CLI00760,Varejo,25,1,12.65,2,0.0265,1,ADV0046,0,0.0,53.3,0.238,23.9,3
CLI00761,Varejo,128,1,13.36,5,0.0563,0,ADV0094,1,0.0563,17.5,-0.178,4.5,6
CLI00762,Varejo,111,6,9.45,5,0.2182,0,ADV0076,1,0.2182,8.4,-0.102,11.3,7
CLI00763,Alta Renda,136,3,13.26,4,0.0305,0,ADV0224,0,0.0,5.1,-0.184,14.8,5
CLI00764,Varejo,106,6,11.84,0,0.0726,1,ADV0012,0,0.0,18.1,-0.82,19.2,2
CLI00765,Varejo,72,8,8.85,3,0.0756,0,ADV0171,0,0.0,22.0,0.055,19.7,3
CLI00766,Alta Renda,129,6,12.69,1,0.4567,0,ADV0230,0,0.0,13.0,0.352,11.1,6
CLI00767,Alta Renda,108,1,10.28,0,0.3899,0,ADV0262,0,0.0,20.6,-0.044,5.1,3
CLI00768,Varejo,5,4,14.43,1,0.1812,0,ADV0104,0,0.0,20.9,-0.194,6.0,3
CLI00769,Alta Renda,3,5,10.5,4,0.2971,0,ADV0246,0,0.0,23.0,0.041,2.3,0
CLI00770,Varejo,132,7,6.08,2,0.3048,1,ADV0034,0,0.0,14.4,-0.195,14.8,3
CLI00771,Alta Renda,104,5,12.62,8,0.103,0,ADV0253,0,0.0,9.9,-0.034,4.4,4
CLI00772,Varejo,64,5,12.46,6,0.0817,0,ADV0039,0,0.0,18.5,0.309,9.4,6
CLI00773,Varejo,106,2,6.96,3,1.2186,0,ADV0118,0,0.0,13.5,-0.179,17.4,7
CLI00774,Alta Renda,98,1,14.65,1,0.0065,0,ADV0240,0,0.0,21.0,-0.063,5.2,5
CLI00775,Varejo,10,8,14.43,3,0.0631,0,ADV0046,0,0.0,17.5,0.065,14.2,2
CLI00776,Varejo,128,8,7.85,3,0.1268,0,ADV0070,0,0.0,1.4,0.086,11.0,3
CLI00777,Alta Renda,46,7,8.73,3,0.3423,0,ADV0217,0,0.0,26.6,0.01,16.8,4
CLI00778,Alta Renda,66,4,10.9,3,0.7234,0,ADV0217,0,0.0,9.0,-0.281,19.4,4
CLI00779,Varejo,112,2,8.31,3,1.8473,0,ADV0192,0,0.0,6.4,0.514,10.5,5
CLI00780,Alta Renda,13,3,14.19,2,0.1467,0,ADV0209,0,0.0,26.1,-0.052,13.5,8
CLI00781,Varejo,137,4,12.13,2,0.1601,0,ADV0163,0,0.0,19.9,0.024,11.0,5
CLI00782,Varejo,86,6,6.91,0,0.2648,0,ADV0076,1,0.2648,28.4,0.136,9.6,2
CLI00783,Varejo,90,4,8.05,3,0.0829,0,ADV0105,0,0.0,15.7,-0.14,8.0,6
CLI00784,Varejo,58,4,16.49,2,0.0355,1,ADV0057,0,0.0,10.5,-0.106,26.0,2
CLI00785,Wealth,54,5,17.95,4,0.1459,0,ADV0272,0,0.0,14.5,-0.149,29.8,2
CLI00786,Varejo,12,4,13.76,2,0.4356,0,ADV0175,0,0.0,5.5,0.091,27.6,3
CLI00787,Varejo,14,8,10.61,3,0.1205,1,ADV0120,0,0.0,5.5,-0.031,16.1,6
CLI00788,Varejo,121,6,9.65,2,0.2829,0,ADV0139,0,0.0,7.9,0.059,29.4,5
CLI00789,Wealth,121,6,13.81,3,0.0146,0,ADV0284,0,0.0,33.9,-0.23,6.6,10
CLI00790,Varejo,20,1,11.82,2,0.1693,1,ADV0047,1,0.1693,8.8,-0.441,22.2,4
CLI00791,Varejo,75,4,4.74,2,0.0978,0,ADV0176,0,0.0,2.6,-0.3,16.6,3
CLI00792,Varejo,70,5,15.83,3,0.0315,0,ADV0152,0,0.0,11.6,-0.156,3.8,6
CLI00793,Varejo,56,4,17.15,3,0.3884,1,ADV0183,0,0.0,11.0,-0.333,13.7,0
CLI00794,Varejo,101,3,14.6,2,1.8209,0,ADV0006,0,0.0,26.9,-0.068,30.6,6
CLI00795,Alta Renda,132,3,6.92,3,0.5987,0,ADV0261,0,0.0,32.4,-0.118,1.5,1
CLI00796,Wealth,111,5,8.83,5,0.6504,0,ADV0280,0,0.0,9.5,0.033,51.1,4
CLI00797,Varejo,125,1,3.7,1,0.4174,1,ADV0169,0,0.0,27.6,0.354,10.1,5
CLI00798,Alta Renda,132,1,18.2,2,0.383,0,ADV0210,1,0.383,16.6,0.277,16.3,7
CLI00799,Wealth,20,6,10.0,2,0.0159,0,ADV0276,0,0.0,12.6,0.571,4.0,2
CLI00800,Alta Renda,138,6,21.3,3,0.14,0,ADV0213,1,0.14,11.0,0.25,18.0,9
CLI00801,Varejo,24,2,19.71,3,0.3202,0,ADV0046,0,0.0,6.1,-0.1,26.9,6
CLI00802,Varejo,37,5,7.71,4,0.3298,0,ADV0173,0,0.0,2.2,-0.109,22.5,9
CLI00803,Varejo,54,4,8.53,1,0.8635,0,ADV0182,0,0.0,6.0,0.191,24.8,10
CLI00804,Varejo,103,7,13.46,1,0.0432,0,ADV0127,0,0.0,12.3,-0.37,11.1,9
CLI00805,Alta Renda,38,5,4.13,2,0.364,0,ADV0222,0,0.0,3.5,-0.069,30.4,6
CLI00806,Wealth,4,2,9.66,3,0.0414,0,ADV0280,0,0.0,15.2,-0.052,44.2,2
CLI00807,Wealth,57,6,9.24,2,0.1255,1,ADV0278,0,0.0,18.4,0.141,19.0,7
CLI00808,Varejo,20,5,19.27,2,0.1525,0,ADV0136,0,0.0,8.5,0.135,10.2,7
CLI00809,Varejo,17,5,12.18,3,0.5073,0,ADV0034,0,0.0,10.6,-0.164,7.4,9
CLI00810,Corporate,119,6,10.3,3,0.4354,0,ADV0296,0,0.0,4.2,-0.091,21.5,3
CLI00811,Alta Renda,71,8,8.85,5,0.1933,0,ADV0251,0,0.0,22.7,0.098,25.5,6
CLI00812,Varejo,4,2,15.26,0,0.0101,1,ADV0038,0,0.0,25.0,-0.035,10.8,4
CLI00813,Wealth,14,6,9.41,8,0.2947,0,ADV0276,0,0.0,4.9,0.265,34.6,3
CLI00814,Alta Renda,3,1,11.29,4,0.1167,0,ADV0260,0,0.0,5.0,0.134,20.4,2
CLI00815,Varejo,80,4,8.82,1,1.0094,0,ADV0157,0,0.0,6.1,0.038,14.2,2
CLI00816,Varejo,55,6,5.13,6,0.7405,0,ADV0177,0,0.0,19.1,0.086,16.7,2
CLI00817,Varejo,132,2,7.32,0,0.0488,0,ADV0119,0,0.0,16.6,-0.103,6.2,3
CLI00818,Varejo,120,3,9.39,7,0.3523,0,ADV0018,0,0.0,25.9,-0.138,21.4,2
CLI00819,Varejo,24,1,10.39,1,0.3615,1,ADV0101,0,0.0,27.8,-0.168,10.6,3
CLI00820,Alta Renda,82,3,10.58,3,0.3289,1,ADV0241,0,0.0,5.4,0.306,28.1,9
CLI00821,Varejo,60,7,11.13,1,0.2779,0,ADV0001,0,0.0,18.6,0.044,12.8,7
CLI00822,Varejo,49,6,9.45,1,0.375,0,ADV0101,0,0.0,27.0,-0.093,40.0,7
CLI00823,Varejo,63,1,17.17,1,1.1641,0,ADV0118,0,0.0,10.1,0.165,15.8,2
CLI00824,Varejo,110,4,15.48,8,0.0807,1,ADV0162,0,0.0,14.1,-0.177,9.6,7
CLI00825,Wealth,109,6,10.93,1,0.0509,0,ADV0276,0,0.0,11.5,-0.153,16.7,3
CLI00826,Varejo,76,4,12.57,3,0.4573,0,ADV0105,0,0.0,11.8,0.056,19.6,10
CLI00827,Varejo,30,8,9.94,4,0.0143,1,ADV0105,0,0.0,25.9,-0.336,43.2,4
CLI00828,Alta Renda,58,5,-0.44,3,0.3868,0,ADV0222,0,0.0,38.0,-0.371,13.2,7
CLI00829,Varejo,117,3,11.59,3,0.3073,0,ADV0136,0,0.0,31.2,-0.001,7.8,1
CLI00830,Varejo,100,1,12.78,4,0.0078,0,ADV0068,1,0.0078,8.8,-0.145,46.5,2
CLI00831,Varejo,19,4,4.73,5,0.0723,0,ADV0136,0,0.0,15.8,-0.056,16.7,5
CLI00832,Varejo,94,2,13.6,6,1.2824,0,ADV0042,0,0.0,6.9,-0.213,7.0,8
CLI00833,Varejo,113,4,10.32,3,0.0249,0,ADV0055,0,0.0,7.5,0.266,13.1,4
CLI00834,Varejo,63,2,12.92,2,0.2179,0,ADV0150,0,0.0,12.4,-0.146,9.3,5
CLI00835,Varejo,116,6,10.45,3,0.0448,0,ADV0125,0,0.0,7.3,-0.095,29.3,4
CLI00836,Wealth,113,1,16.75,6,0.0658,0,ADV0274,0,0.0,8.3,0.083,19.5,6
CLI00837,Varejo,47,4,12.45,2,1.9961,0,ADV0108,0,0.0,15.5,-0.303,10.7,5
CLI00838,Varejo,57,7,15.71,4,0.1941,0,ADV0174,0,0.0,18.5,-0.319,25.6,4
CLI00839,Varejo,118,4,16.06,3,0.3237,0,ADV0190,0,0.0,18.1,0.084,12.4,2
CLI00840,Varejo,45,8,6.8,1,0.1428,1,ADV0005,0,0.0,27.4,-0.364,14.7,3
CLI00841,Alta Renda,4,7,8.4,3,0.0231,0,ADV0200,0,0.0,4.4,-0.198,7.7,3
CLI00842,Varejo,47,1,13.4,3,0.0354,0,ADV0055,0,0.0,7.0,0.133,7.6,3
CLI00843,Wealth,143,8,9.96,2,0.7649,0,ADV0288,0,0.0,13.4,-0.179,44.6,4
CLI00844,Varejo,47,4,10.5,3,0.2016,1,ADV0045,0,0.0,26.7,-0.555,48.2,3
CLI00845,Varejo,78,2,16.9,5,0.0607,0,ADV0124,0,0.0,51.2,-0.197,2.6,2
CLI00846,Varejo,124,4,10.2,4,0.1606,0,ADV0027,0,0.0,16.2,0.067,6.4,6
CLI00847,Corporate,75,3,7.43,4,0.3907,1,ADV0298,0,0.0,31.6,-0.001,10.4,6
CLI00848,Varejo,103,6,8.0,5,0.2984,0,ADV0151,1,0.2984,4.0,-0.409,14.0,2
CLI00849,Varejo,137,5,20.67,2,0.0608,1,ADV0178,0,0.0,21.4,-0.286,10.0,3
CLI00850,Varejo,90,2,10.75,8,0.0213,1,ADV0022,0,0.0,61.6,0.159,33.4,5
CLI00851,Alta Renda,69,3,5.77,4,0.0974,0,ADV0225,0,0.0,7.0,-0.093,10.6,6
CLI00852,Varejo,61,7,4.07,1,0.6989,0,ADV0065,0,0.0,8.5,-0.249,41.8,5
CLI00853,Wealth,138,6,8.88,4,0.5019,0,ADV0269,0,0.0,23.1,0.093,12.7,7
CLI00854,Varejo,50,1,10.67,4,0.2818,0,ADV0064,0,0.0,13.3,0.22,47.4,5
CLI00855,Varejo,3,2,15.49,1,0.1324,0,ADV0060,0,0.0,2.0,0.196,11.6,6
CLI00856,Varejo,107,5,15.08,1,0.0844,0,ADV0012,0,0.0,8.9,0.081,11.8,3
CLI00857,Varejo,113,6,11.47,5,0.1356,0,ADV0142,0,0.0,32.3,0.022,24.5,4
CLI00858,Varejo,94,7,9.59,4,0.4567,0,ADV0169,0,0.0,10.6,-0.198,22.2,5
CLI00859,Varejo,118,8,12.93,2,0.6146,0,ADV0022,0,0.0,10.6,0.19,4.6,10
CLI00860,Alta Renda,81,8,4.16,2,0.1176,0,ADV0233,0,0.0,22.2,0.178,14.2,4
CLI00861,Varejo,109,5,19.82,2,4.4687,1,ADV0137,0,0.0,29.7,-0.18,12.4,3
CLI00862,Varejo,51,1,14.25,5,0.1864,0,ADV0158,0,0.0,10.1,0.08,9.4,1
CLI00863,Varejo,35,1,15.14,4,0.1053,1,ADV0132,1,0.1053,10.0,-0.265,15.2,3
CLI00864,Varejo,46,7,6.99,3,1.1257,0,ADV0119,0,0.0,66.4,0.194,10.9,5
CLI00865,Varejo,69,2,16.89,4,0.0117,1,ADV0168,0,0.0,31.8,-0.301,16.3,9
CLI00866,Varejo,93,7,9.57,6,0.3085,0,ADV0047,1,0.3085,18.2,-0.189,6.1,6
CLI00867,Varejo,64,4,7.5,2,0.1504,1,ADV0057,0,0.0,23.7,-0.224,6.2,5
CLI00868,Alta Renda,49,1,11.34,4,1.0862,0,ADV0257,0,0.0,11.9,-0.222,25.1,3
CLI00869,Wealth,74,6,11.24,3,0.3629,0,ADV0284,0,0.0,16.5,-0.011,27.5,1
CLI00870,Varejo,5,4,6.97,3,0.1981,0,ADV0112,0,0.0,11.0,-0.054,24.1,5
CLI00871,Varejo,100,8,7.74,1,0.3912,0,ADV0082,0,0.0,6.5,0.472,13.8,11
CLI00872,Varejo,70,8,7.41,4,0.0419,1,ADV0193,0,0.0,21.1,-0.171,10.6,6
CLI00873,Varejo,90,3,7.45,0,0.5809,0,ADV0122,1,0.5809,10.3,0.213,8.4,4
CLI00874,Varejo,4,5,9.87,4,0.0288,0,ADV0009,0,0.0,17.5,0.104,7.3,2
CLI00875,Varejo,126,4,5.67,1,0.2634,1,ADV0048,0,0.0,26.0,-0.767,13.6,2
CLI00876,Alta Renda,39,5,8.6,1,0.1731,0,ADV0216,0,0.0,18.1,-0.061,27.1,5
CLI00877,Alta Renda,129,7,15.89,3,0.0167,0,ADV0199,0,0.0,6.1,-0.04,7.9,4
CLI00878,Varejo,24,4,14.96,2,0.1808,1,ADV0009,0,0.0,10.0,-0.108,27.4,3
CLI00879,Varejo,57,7,7.09,1,0.2385,0,ADV0068,1,0.2385,10.4,0.086,3.9,4
CLI00880,Varejo,100,3,15.52,2,0.0706,1,ADV0070,0,0.0,28.0,0.322,25.0,4
CLI00881,Alta Renda,70,1,3.24,2,0.0443,1,ADV0202,1,0.0443,24.2,-0.257,21.7,6
CLI00882,Varejo,41,8,21.7,4,0.3134,1,ADV0007,0,0.0,9.3,-0.537,9.6,5
CLI00883,Varejo,60,3,16.96,5,0.2647,0,ADV0033,0,0.0,4.3,-0.306,5.8,6
CLI00884,Alta Renda,108,8,9.15,3,0.222,0,ADV0241,0,0.0,52.7,0.282,23.0,6
CLI00885,Varejo,57,1,13.11,3,0.1672,0,ADV0055,0,0.0,17.7,0.485,13.8,6
CLI00886,Alta Renda,31,7,5.62,1,0.0791,0,ADV0196,0,0.0,3.8,0.264,56.2,4
CLI00887,Varejo,84,1,11.75,0,3.1703,0,ADV0073,0,0.0,8.4,-0.277,27.4,7
CLI00888,Varejo,36,8,10.73,2,0.1122,1,ADV0031,1,0.1122,28.5,-0.016,42.0,3
CLI00889,Varejo,108,8,7.99,7,0.0537,0,ADV0074,0,0.0,44.9,0.225,1.2,7
CLI00890,Alta Renda,106,5,9.53,0,0.1774,1,ADV0217,0,0.0,41.3,-0.322,8.5,2
CLI00891,Alta Renda,86,6,9.12,1,0.1307,0,ADV0256,0,0.0,17.2,0.108,5.3,5
CLI00892,Alta Renda,135,3,6.75,8,0.1088,0,ADV0249,1,0.1088,13.1,-0.1,2.1,2
CLI00893,Varejo,14,4,7.9,3,1.89,0,ADV0118,0,0.0,5.6,0.336,13.1,4
CLI00894,Alta Renda,120,8,5.44,6,0.0381,0,ADV0201,0,0.0,13.9,0.08,22.6,8
CLI00895,Varejo,138,3,15.1,2,0.1735,0,ADV0064,0,0.0,6.2,-0.202,6.3,3
CLI00896,Varejo,80,5,7.59,4,0.0415,1,ADV0089,0,0.0,12.1,0.049,4.3,6
CLI00897,Wealth,106,1,6.37,4,0.0818,0,ADV0268,0,0.0,23.1,0.233,6.7,6
CLI00898,Varejo,70,5,15.03,3,1.5793,0,ADV0005,0,0.0,10.9,0.044,12.0,6
CLI00899,Varejo,44,2,13.05,4,0.2383,0,ADV0027,0,0.0,10.4,0.105,11.4,3
CLI00900,Varejo,73,2,14.88,3,0.2346,0,ADV0064,0,0.0,12.6,-0.015,13.5,4
CLI00901,Varejo,45,4,15.35,3,0.0487,0,ADV0009,0,0.0,57.6,-0.25,17.7,5
CLI00902,Varejo,107,5,19.64,3,0.0952,0,ADV0057,0,0.0,5.1,-0.033,13.3,4
CLI00903,Varejo,84,7,10.84,2,1.7684,1,ADV0175,0,0.0,21.8,0.137,24.9,5
CLI00904,Varejo,82,4,5.38,7,0.3164,0,ADV0126,1,0.3164,38.1,-0.028,6.4,1
CLI00905,Wealth,107,7,12.64,3,0.1063,0,ADV0267,0,0.0,12.6,0.176,11.0,3
CLI00906,Alta Renda,21,4,8.69,1,0.2931,0,ADV0245,0,0.0,28.6,-0.086,19.7,6
CLI00907,Varejo,7,2,7.48,4,0.2341,0,ADV0104,0,0.0,4.1,-0.072,16.2,6
CLI00908,Varejo,70,4,11.92,2,0.0555,0,ADV0078,0,0.0,11.2,0.183,38.9,6
CLI00909,Varejo,127,2,15.14,3,0.1023,0,ADV0113,0,0.0,6.8,0.049,6.6,6
CLI00910,Varejo,143,8,7.99,2,3.0984,1,ADV0177,0,0.0,13.4,0.095,21.4,6
CLI00911,Varejo,143,1,16.85,3,0.2752,0,ADV0081,0,0.0,12.7,0.227,8.4,8
CLI00912,Varejo,120,7,7.34,2,0.0215,0,ADV0187,0,0.0,13.6,-0.152,7.7,4
CLI00913,Varejo,128,5,10.48,4,0.3209,0,ADV0122,1,0.3209,23.0,-0.16,26.3,10
CLI00914,Varejo,142,8,13.12,1,0.8994,0,ADV0165,0,0.0,1.2,-0.622,13.2,7
CLI00915,Varejo,57,8,9.87,3,0.051,0,ADV0131,0,0.0,8.1,-0.122,16.1,9
CLI00916,Varejo,58,4,4.04,4,0.0913,1,ADV0089,0,0.0,16.8,0.139,10.0,3
CLI00917,Wealth,21,2,15.4,4,1.0941,0,ADV0284,0,0.0,2.1,-0.456,9.2,3
CLI00918,Alta Renda,82,3,8.88,2,0.173,0,ADV0230,0,0.0,19.9,-0.209,3.6,6
CLI00919,Varejo,69,7,14.63,2,0.1373,0,ADV0042,0,0.0,8.0,0.097,15.2,6
CLI00920,Alta Renda,131,8,6.19,4,0.0291,0,ADV0259,0,0.0,11.4,-0.494,5.9,3
CLI00921,Varejo,87,4,6.91,4,0.6648,0,ADV0147,0,0.0,23.7,-0.112,12.2,8
CLI00922,Wealth,49,6,15.12,1,0.1294,0,ADV0268,0,0.0,29.4,0.251,23.4,1
CLI00923,Alta Renda,115,1,12.93,5,0.0098,0,ADV0241,0,0.0,20.3,0.449,2.8,6
CLI00924,Varejo,89,1,9.66,4,0.0214,0,ADV0127,0,0.0,4.9,0.064,65.3,1
CLI00925,Varejo,85,3,12.99,3,0.0797,1,ADV0007,0,0.0,29.4,-0.683,7.6,2
CLI00926,Varejo,128,2,7.49,6,0.041,0,ADV0081,0,0.0,20.6,-0.211,12.4,9
CLI00927,Varejo,140,4,11.96,3,0.0502,1,ADV0163,0,0.0,18.6,-0.19,19.8,4
CLI00928,Varejo,117,7,12.04,2,3.4836,1,ADV0190,0,0.0,45.4,-0.134,7.8,1
CLI00929,Varejo,127,2,9.93,3,0.4147,0,ADV0078,0,0.0,13.9,0.409,9.5,3
CLI00930,Varejo,71,1,7.99,1,0.0058,1,ADV0042,0,0.0,38.6,0.298,39.9,4
CLI00931,Alta Renda,86,2,11.8,2,0.1099,0,ADV0250,0,0.0,31.6,0.019,21.8,4
CLI00932,Corporate,33,1,11.27,1,0.1471,0,ADV0296,0,0.0,20.9,-0.074,11.2,6
CLI00933,Varejo,81,2,9.54,1,0.0242,0,ADV0158,0,0.0,16.1,0.663,13.4,8
CLI00934,Varejo,61,3,7.16,3,0.3311,0,ADV0053,0,0.0,18.0,0.138,14.8,5
CLI00935,Varejo,61,5,11.55,3,0.0116,0,ADV0082,0,0.0,37.0,-0.147,19.3,9
CLI00936,Varejo,98,3,9.55,6,0.688,0,ADV0006,0,0.0,26.2,-0.049,20.2,9
CLI00937,Wealth,28,3,7.15,1,1.0768,0,ADV0273,0,0.0,5.5,-0.193,19.9,5
CLI00938,Varejo,43,5,11.68,7,3.5196,0,ADV0036,0,0.0,17.3,-0.529,10.0,4
CLI00939,Varejo,86,5,18.25,3,0.0214,0,ADV0173,0,0.0,6.5,0.069,14.5,2
CLI00940,Varejo,17,8,9.96,0,0.0278,1,ADV0083,1,0.0278,9.9,-0.1,38.0,2
CLI00941,Varejo,98,8,17.79,4,0.4068,0,ADV0166,0,0.0,9.8,-0.359,46.4,11
CLI00942,Alta Renda,98,4,20.38,1,0.7691,0,ADV0196,0,0.0,3.7,0.012,14.2,4
CLI00943,Alta Renda,65,7,7.5,0,0.4731,1,ADV0249,1,0.4731,6.2,-0.597,9.9,12
CLI00944,Varejo,74,7,11.54,3,0.6728,0,ADV0064,0,0.0,33.6,0.115,7.2,2
CLI00945,Varejo,85,4,20.34,4,0.9899,0,ADV0004,0,0.0,7.7,-0.038,20.0,5
CLI00946,Varejo,5,3,10.99,2,0.215,1,ADV0041,0,0.0,25.3,-0.481,9.8,3
CLI00947,Wealth,2,3,11.65,3,0.1254,0,ADV0269,0,0.0,14.8,-0.216,20.1,3
CLI00948,Alta Renda,22,1,4.49,6,0.0279,0,ADV0261,0,0.0,19.1,-0.183,20.4,3
CLI00949,Varejo,112,1,9.27,3,0.1122,1,ADV0179,0,0.0,39.9,0.083,14.9,5
CLI00950,Varejo,57,7,13.83,2,0.1369,0,ADV0180,0,0.0,5.9,0.285,15.8,3
CLI00951,Alta Renda,66,4,21.7,1,0.0481,0,ADV0201,0,0.0,23.0,-0.068,11.5,8
CLI00952,Varejo,74,6,10.68,2,0.1573,0,ADV0054,0,0.0,4.5,0.27,4.4,5
CLI00953,Wealth,98,8,4.52,0,0.0415,0,ADV0274,0,0.0,7.5,-0.038,19.2,4
CLI00954,Varejo,112,6,5.6,4,0.7028,0,ADV0125,0,0.0,19.5,-0.072,18.1,3
CLI00955,Varejo,125,4,11.35,3,0.2875,0,ADV0114,0,0.0,5.6,0.013,9.8,6
CLI00956,Varejo,86,1,16.44,1,0.0909,0,ADV0157,0,0.0,1.8,0.063,46.0,9
CLI00957,Varejo,76,7,14.18,4,0.2113,0,ADV0016,0,0.0,16.7,-0.122,13.5,2
CLI00958,Varejo,88,7,13.43,0,0.0393,1,ADV0051,0,0.0,18.0,-0.29,3.9,3
CLI00959,Alta Renda,38,1,17.0,2,0.0448,0,ADV0222,0,0.0,20.7,0.173,25.9,7
CLI00960,Varejo,59,6,8.48,6,0.0725,0,ADV0027,0,0.0,10.4,0.028,22.2,3
CLI00961,Varejo,138,2,11.58,2,0.1288,0,ADV0181,0,0.0,16.5,0.009,23.9,5
CLI00962,Varejo,99,2,9.31,3,0.1986,0,ADV0075,0,0.0,16.3,0.109,6.2,7
CLI00963,Varejo,63,1,10.36,4,0.1996,0,ADV0116,0,0.0,21.7,0.147,15.5,6
CLI00964,Varejo,49,2,7.27,1,0.0298,0,ADV0088,0,0.0,19.8,-0.014,13.3,3
CLI00965,Varejo,32,5,10.06,5,0.1488,0,ADV0107,0,0.0,5.6,-0.104,11.9,1
CLI00966,Alta Renda,135,4,11.38,3,0.0571,0,ADV0217,0,0.0,10.9,0.042,30.2,6
CLI00967,Varejo,21,4,9.94,3,0.002,0,ADV0090,0,0.0,16.5,-0.351,13.6,4
CLI00968,Varejo,20,1,10.82,0,9.0093,0,ADV0170,0,0.0,32.1,-0.046,10.0,7
CLI00969,Varejo,127,3,13.2,2,0.0585,0,ADV0143,0,0.0,20.0,-0.544,10.0,3
CLI00970,Alta Renda,68,8,16.7,1,0.0629,0,ADV0200,0,0.0,30.3,-0.369,5.8,4
CLI00971,Wealth,110,6,17.01,1,0.0287,0,ADV0281,0,0.0,17.1,-0.402,14.5,4
CLI00972,Alta Renda,116,1,14.7,2,0.0418,0,ADV0220,0,0.0,26.5,0.23,31.7,1
CLI00973,Varejo,143,2,6.21,8,0.1293,1,ADV0066,0,0.0,18.9,-0.043,13.1,5
CLI00974,Varejo,120,6,9.99,3,0.9583,1,ADV0011,0,0.0,28.3,-0.299,18.1,4
CLI00975,Varejo,79,3,10.35,2,0.1284,0,ADV0079,0,0.0,10.0,0.108,11.7,1
CLI00976,Varejo,116,2,8.74,2,0.1085,1,ADV0178,0,0.0,38.0,0.017,12.8,3
CLI00977,Varejo,92,7,12.94,3,0.7869,1,ADV0017,0,0.0,22.5,0.093,25.9,7
CLI00978,Varejo,14,8,4.8,3,0.0836,1,ADV0150,0,0.0,6.3,0.12,7.3,0
CLI00979,Varejo,125,5,18.61,5,0.1699,0,ADV0179,0,0.0,16.9,0.051,3.8,7
CLI00980,Varejo,58,2,16.52,3,0.0499,0,ADV0101,0,0.0,20.0,0.198,25.9,3
CLI00981,Alta Renda,28,5,13.51,3,1.478,0,ADV0232,1,1.478,23.5,-0.103,9.0,3
CLI00982,Varejo,26,6,11.24,6,0.646,0,ADV0033,0,0.0,42.1,0.007,10.1,3
CLI00983,Varejo,113,5,16.66,1,0.1355,0,ADV0025,0,0.0,8.8,-0.057,52.0,1
CLI00984,Alta Renda,66,6,14.4,2,0.0983,0,ADV0219,1,0.0983,42.3,-0.355,22.1,6
CLI00985,Varejo,131,6,16.15,5,0.1586,1,ADV0149,0,0.0,24.4,-0.364,10.7,5
CLI00986,Alta Renda,44,6,11.25,3,0.1381,0,ADV0208,0,0.0,7.2,0.453,27.1,2
CLI00987,Varejo,97,6,19.02,3,0.0221,0,ADV0131,0,0.0,9.0,-0.192,22.5,2
CLI00988,Varejo,42,6,16.4,2,0.6753,0,ADV0075,0,0.0,19.2,0.212,0.4,6
CLI00989,Alta Renda,6,2,13.64,3,0.123,0,ADV0246,0,0.0,6.3,-0.185,14.9,4
CLI00990,Alta Renda,23,6,16.78,3,1.95,0,ADV0240,0,0.0,10.1,0.029,6.0,7
CLI00991,Alta Renda,89,2,9.74,3,0.286,0,ADV0210,1,0.286,16.6,0.332,12.6,4
CLI00992,Varejo,123,6,6.6,6,0.0062,0,ADV0082,0,0.0,34.3,-0.114,46.5,5
CLI00993,Varejo,51,5,12.85,0,0.0312,0,ADV0177,0,0.0,23.1,-0.003,23.5,4
CLI00994,Varejo,11,7,11.26,3,0.0102,0,ADV0108,0,0.0,13.5,-0.396,25.5,3
CLI00995,Varejo,12,6,10.67,2,0.0307,0,ADV0029,0,0.0,19.2,-0.146,11.8,5
CLI00996,Wealth,74,3,16.61,4,0.0198,0,ADV0275,0,0.0,15.5,-0.419,25.6,4
CLI00997,Varejo,8,6,12.2,0,0.2295,1,ADV0041,0,0.0,8.5,0.381,8.0,8
CLI00998,Wealth,41,6,12.61,2,0.1096,0,ADV0285,0,0.0,38.1,0.183,14.8,5
CLI00999,Varejo,85,5,10.13,3,0.4329,0,ADV0134,0,0.0,34.6,-0.049,22.8,6
CLI01000,Varejo,72,8,15.2,2,0.1573,0,ADV0058,0,0.0,12.4,0.063,22.4,2
CLI01001,Varejo,55,4,14.45,0,0.1209,0,ADV0163,0,0.0,9.2,-0.072,4.0,5
CLI01002,Alta Renda,137,5,15.17,2,2.2348,0,ADV0261,0,0.0,5.0,0.163,40.4,4
CLI01003,Alta Renda,47,3,9.41,3,0.2208,0,ADV0220,0,0.0,20.0,0.028,6.6,3
CLI01004,Alta Renda,143,4,16.98,3,0.1489,0,ADV0243,1,0.1489,20.1,-0.437,57.7,4
CLI01005,Alta Renda,104,1,19.22,2,0.0545,1,ADV0199,0,0.0,8.9,0.071,23.7,5
CLI01006,Alta Renda,42,1,15.04,10,0.0358,0,ADV0209,0,0.0,15.6,-0.086,22.0,4
CLI01007,Alta Renda,60,8,8.1,3,0.4501,0,ADV0254,0,0.0,22.6,-0.279,7.1,10
CLI01008,Varejo,12,3,8.13,3,0.4164,0,ADV0076,1,0.4164,8.7,-0.097,9.3,7
CLI01009,Varejo,130,5,9.92,1,1.2751,1,ADV0147,0,0.0,31.8,-0.531,38.6,3
CLI01010,Varejo,7,2,9.13,4,0.3081,0,ADV0068,1,0.3081,11.2,-0.275,35.3,3
CLI01011,Corporate,80,3,11.2,2,0.0992,0,ADV0296,0,0.0,7.1,0.031,12.0,5
CLI01012,Wealth,131,7,14.16,1,0.3212,0,ADV0283,0,0.0,11.4,0.05,11.3,4
CLI01013,Varejo,109,4,12.72,2,0.1489,0,ADV0013,0,0.0,3.1,0.067,11.5,4
CLI01014,Alta Renda,3,4,12.35,0,0.5092,0,ADV0213,1,0.5092,10.8,0.001,27.2,6
CLI01015,Wealth,27,6,10.49,0,0.9367,0,ADV0277,0,0.0,10.9,-0.152,25.6,3
CLI01016,Varejo,114,1,11.19,4,0.1328,0,ADV0057,0,0.0,12.5,-0.012,17.4,5
CLI01017,Varejo,107,8,14.85,2,1.6234,1,ADV0170,0,0.0,20.0,-0.28,15.0,3
CLI01018,Wealth,40,4,3.05,4,0.7748,0,ADV0274,0,0.0,4.6,-0.358,11.9,7
CLI01019,Varejo,129,3,11.45,2,0.1691,0,ADV0012,0,0.0,5.4,-0.17,54.9,4
CLI01020,Alta Renda,8,4,12.71,1,0.3953,0,ADV0211,0,0.0,7.0,0.196,4.4,3
CLI01021,Varejo,101,8,14.79,2,0.2459,0,ADV0090,0,0.0,4.2,0.349,10.2,3
CLI01022,Wealth,124,8,7.26,2,0.1701,0,ADV0277,0,0.0,19.6,0.143,16.6,3
CLI01023,Corporate,107,8,7.04,3,1.9879,0,ADV0291,0,0.0,8.4,0.34,3.7,5
CLI01024,Wealth,101,3,13.95,1,0.324,0,ADV0283,0,0.0,12.8,0.019,8.9,5
CLI01025,Varejo,4,2,3.5,2,0.0554,0,ADV0143,0,0.0,6.5,0.383,46.1,8
CLI01026,Alta Renda,110,6,17.1,3,0.0434,0,ADV0258,0,0.0,9.9,0.452,24.5,10
CLI01027,Alta Renda,19,1,12.45,2,0.0458,0,ADV0253,0,0.0,16.2,-0.381,8.8,8
CLI01028,Varejo,32,4,18.05,1,0.3123,0,ADV0096,0,0.0,16.7,0.049,8.6,6
CLI01029,Alta Renda,137,3,6.93,3,0.106,0,ADV0249,1,0.106,5.6,0.019,4.5,1
CLI01030,Varejo,12,5,9.67,6,0.2549,0,ADV0013,0,0.0,12.3,-0.093,9.8,6
CLI01031,Varejo,139,1,1.39,5,0.5584,0,ADV0179,0,0.0,6.6,0.108,19.5,2
CLI01032,Varejo,46,2,8.16,0,2.3102,0,ADV0070,0,0.0,12.0,0.009,17.3,3
CLI01033,Varejo,119,3,10.73,2,0.1093,0,ADV0037,0,0.0,7.9,-0.162,10.1,12
CLI01034,Varejo,16,7,3.26,2,0.0265,0,ADV0025,0,0.0,39.6,-0.006,6.6,4
CLI01035,Alta Renda,129,7,9.84,10,1.6991,0,ADV0210,1,1.6991,22.5,0.265,11.8,2
CLI01036,Varejo,63,6,3.15,1,0.0249,0,ADV0103,0,0.0,17.2,0.04,11.6,6
CLI01037,Alta Renda,109,6,10.42,1,0.0236,0,ADV0218,0,0.0,10.6,0.138,22.5,1
CLI01038,Varejo,119,2,16.32,3,1.6428,0,ADV0022,0,0.0,22.9,-0.061,15.7,6
CLI01039,Varejo,21,2,11.35,4,0.6611,0,ADV0095,0,0.0,12.6,0.099,14.3,2
CLI01040,Varejo,13,6,18.46,2,0.3105,0,ADV0162,0,0.0,37.1,-0.266,28.7,7
CLI01041,Alta Renda,4,4,14.8,3,0.1549,0,ADV0238,0,0.0,24.4,-0.11,35.1,2
CLI01042,Varejo,102,4,17.16,3,0.1211,0,ADV0096,0,0.0,9.9,-0.023,17.2,10
CLI01043,Varejo,59,3,8.29,1,0.0709,0,ADV0188,0,0.0,34.4,-0.281,17.5,8
CLI01044,Alta Renda,128,5,8.19,0,0.1144,0,ADV0265,1,0.1144,10.6,-0.183,12.4,5
CLI01045,Varejo,27,3,12.95,1,0.1554,0,ADV0184,0,0.0,41.0,0.069,7.0,3
CLI01046,Varejo,69,5,4.87,3,0.0277,1,ADV0071,0,0.0,38.1,-0.309,24.4,5
CLI01047,Varejo,25,2,13.48,7,0.0569,1,ADV0008,0,0.0,28.3,0.027,24.1,5
CLI01048,Alta Renda,131,1,10.14,4,0.0106,0,ADV0260,0,0.0,3.3,-0.132,13.1,2
CLI01049,Varejo,97,3,17.09,6,0.1829,0,ADV0007,0,0.0,15.3,0.013,15.7,4
CLI01050,Alta Renda,25,3,14.35,4,0.183,0,ADV0261,0,0.0,5.1,-0.148,27.5,5
CLI01051,Varejo,126,5,16.11,2,1.6687,1,ADV0159,0,0.0,9.3,0.034,32.2,5
CLI01052,Wealth,133,8,8.33,1,0.2693,0,ADV0282,0,0.0,8.6,0.262,1.2,4
CLI01053,Alta Renda,9,2,15.9,2,0.0802,0,ADV0240,0,0.0,5.1,0.106,8.4,4
CLI01054,Corporate,116,2,17.57,5,0.1274,0,ADV0299,0,0.0,15.3,0.233,13.1,2
CLI01055,Varejo,134,7,11.34,5,0.3113,0,ADV0106,0,0.0,7.3,0.007,5.8,1
CLI01056,Alta Renda,60,8,8.39,2,0.2222,0,ADV0231,0,0.0,11.0,0.177,16.0,4
CLI01057,Varejo,121,5,8.47,5,0.3506,1,ADV0120,0,0.0,9.9,0.136,10.5,6
CLI01058,Varejo,139,2,16.7,3,0.2699,1,ADV0145,0,0.0,19.7,-0.414,23.0,4
CLI01059,Varejo,108,8,22.77,0,0.119,1,ADV0188,0,0.0,17.6,-0.038,21.1,1
CLI01060,Alta Renda,108,6,7.38,7,0.0824,0,ADV0261,0,0.0,10.3,-0.219,9.2,3
CLI01061,Corporate,131,8,7.05,2,0.0768,0,ADV0296,0,0.0,18.9,0.515,16.3,5
CLI01062,Alta Renda,76,4,15.37,5,0.0496,0,ADV0231,0,0.0,28.7,-0.073,24.3,7
CLI01063,Varejo,30,7,8.33,1,0.0405,0,ADV0125,0,0.0,1.5,0.142,20.0,6
CLI01064,Varejo,21,6,15.78,1,1.804,0,ADV0126,1,1.804,8.2,-0.003,13.1,2
CLI01065,Alta Renda,34,1,13.45,1,0.1944,0,ADV0222,0,0.0,6.0,-0.271,2.7,11
CLI01066,Varejo,41,3,11.4,2,0.1351,1,ADV0073,0,0.0,15.3,-0.585,9.0,6
CLI01067,Varejo,51,7,13.35,2,0.0868,0,ADV0034,0,0.0,1.2,0.165,8.3,7
CLI01068,Varejo,82,1,13.1,1,0.2887,0,ADV0107,0,0.0,1.5,0.341,21.6,3
CLI01069,Varejo,58,3,10.75,1,0.7904,0,ADV0087,0,0.0,8.8,-0.162,15.0,5
CLI01070,Varejo,75,4,4.12,3,0.4233,0,ADV0090,0,0.0,8.7,-0.364,15.3,4
CLI01071,Varejo,23,8,12.25,3,0.5478,1,ADV0071,0,0.0,39.1,-0.278,18.6,3
CLI01072,Varejo,128,2,18.11,6,0.0771,0,ADV0015,0,0.0,14.5,-0.206,31.2,5
CLI01073,Varejo,17,6,4.74,5,0.1644,1,ADV0006,0,0.0,20.7,-0.203,33.2,3
CLI01074,Corporate,69,5,7.44,3,0.0784,0,ADV0296,0,0.0,98.1,0.134,6.9,2
CLI01075,Varejo,108,6,13.29,2,0.19,0,ADV0129,0,0.0,1.6,-0.011,7.3,5
CLI01076,Varejo,139,4,11.66,0,0.8645,1,ADV0114,0,0.0,43.0,-0.178,22.3,6
CLI01077,Alta Renda,94,1,13.23,0,0.2927,1,ADV0205,0,0.0,13.7,-0.321,7.2,5
CLI01078,Varejo,15,5,8.56,0,1.3699,0,ADV0067,0,0.0,9.4,0.147,8.4,7
CLI01079,Wealth,91,2,16.38,5,0.1136,0,ADV0285,0,0.0,8.3,-0.074,5.5,2
CLI01080,Alta Renda,33,4,11.7,2,0.0579,0,ADV0236,0,0.0,16.5,0.03,21.5,6
CLI01081,Varejo,125,5,14.43,2,0.3217,0,ADV0029,0,0.0,9.5,0.115,6.9,8
CLI01082,Varejo,16,4,12.85,2,0.1929,1,ADV0125,0,0.0,20.3,0.138,34.6,1
CLI01083,Alta Renda,66,8,12.24,3,0.2515,0,ADV0263,1,0.2515,8.6,0.009,18.2,4
CLI01084,Wealth,47,4,14.13,4,0.207,0,ADV0283,0,0.0,16.8,0.315,5.5,6
CLI01085,Varejo,124,2,12.28,1,0.0881,0,ADV0141,0,0.0,20.8,0.128,19.9,5
CLI01086,Varejo,1,7,6.5,7,0.2132,1,ADV0183,0,0.0,46.5,-0.612,39.2,4
CLI01087,Varejo,87,3,16.07,6,0.5859,0,ADV0051,0,0.0,14.0,-0.098,12.7,2
CLI01088,Corporate,128,5,14.94,2,0.6696,0,ADV0297,0,0.0,29.8,-0.123,33.5,5
CLI01089,Varejo,67,8,2.65,2,0.0875,1,ADV0071,0,0.0,15.3,0.334,18.6,4
CLI01090,Wealth,4,2,8.75,3,0.2232,0,ADV0283,0,0.0,12.5,-0.137,8.7,5
CLI01091,Varejo,47,4,15.88,4,1.1278,1,ADV0195,0,0.0,14.4,-0.032,49.4,6
CLI01092,Varejo,38,8,3.83,2,0.09,0,ADV0182,0,0.0,15.2,0.233,4.4,4
CLI01093,Varejo,143,2,15.46,2,0.0711,0,ADV0155,1,0.0711,23.3,0.042,10.6,6
CLI01094,Varejo,21,7,10.91,1,0.4643,0,ADV0070,0,0.0,9.2,0.264,13.1,3
CLI01095,Varejo,57,8,17.13,4,0.3696,0,ADV0055,0,0.0,6.3,0.176,41.8,6
CLI01096,Varejo,117,8,11.5,6,0.0557,0,ADV0067,0,0.0,24.5,-0.259,21.8,4
CLI01097,Varejo,46,3,8.47,3,0.0268,0,ADV0058,0,0.0,23.4,-0.022,19.5,1
CLI01098,Alta Renda,142,6,12.79,3,0.2176,0,ADV0234,0,0.0,32.8,0.218,7.7,5
CLI01099,Varejo,39,5,11.37,2,0.0959,0,ADV0106,0,0.0,8.1,-0.269,12.4,7
CLI01100,Varejo,137,3,8.09,5,0.0185,0,ADV0019,0,0.0,11.0,0.092,8.9,3
CLI01101,Wealth,99,1,20.82,2,0.0677,0,ADV0290,0,0.0,25.1,-0.009,19.1,2
CLI01102,Alta Renda,77,5,7.42,3,0.3618,0,ADV0264,0,0.0,9.1,-0.386,28.2,2
CLI01103,Wealth,115,3,2.08,3,0.1358,0,ADV0278,0,0.0,20.2,0.026,53.1,6
CLI01104,Corporate,134,4,18.14,2,1.2661,0,ADV0298,0,0.0,11.3,-0.184,9.6,3
CLI01105,Varejo,91,5,9.05,1,0.011,0,ADV0054,0,0.0,16.4,-0.257,4.3,6
CLI01106,Varejo,98,5,10.25,1,0.9412,0,ADV0118,0,0.0,4.9,0.002,10.8,6
CLI01107,Alta Renda,120,2,10.0,4,0.1057,0,ADV0227,0,0.0,13.9,-0.425,25.8,9
CLI01108,Alta Renda,46,4,9.11,1,0.0876,0,ADV0210,1,0.0876,28.3,-0.148,7.0,4
CLI01109,Varejo,38,1,8.28,3,0.022,1,ADV0047,1,0.022,25.9,0.39,16.2,7
CLI01110,Alta Renda,142,6,7.31,2,0.3026,0,ADV0245,0,0.0,5.9,0.143,19.7,4
CLI01111,Varejo,100,8,11.77,1,0.0154,0,ADV0068,1,0.0154,37.9,-0.194,9.8,5
CLI01112,Varejo,72,7,9.81,6,0.4787,0,ADV0068,1,0.4787,27.2,0.309,15.7,4
CLI01113,Varejo,35,3,14.57,2,0.0231,0,ADV0162,0,0.0,5.1,-0.218,6.5,2
CLI01114,Varejo,30,2,13.53,4,0.0284,0,ADV0178,0,0.0,8.6,-0.122,29.4,3
CLI01115,Varejo,78,3,7.6,4,0.0351,0,ADV0174,0,0.0,5.3,-0.253,11.4,5
CLI01116,Varejo,84,1,11.96,7,0.0652,0,ADV0029,0,0.0,16.7,0.056,15.4,7
CLI01117,Alta Renda,113,8,9.75,2,0.5625,0,ADV0263,1,0.5625,8.3,0.301,2.8,5
CLI01118,Varejo,25,1,7.34,8,1.1678,1,ADV0080,0,0.0,6.4,-0.026,7.7,6
CLI01119,Varejo,88,5,14.4,3,0.0745,0,ADV0039,0,0.0,12.4,-0.453,25.3,8
CLI01120,Alta Renda,14,7,10.99,4,0.1556,0,ADV0266,0,0.0,23.9,0.24,9.7,7
CLI01121,Wealth,102,1,9.79,4,0.3125,0,ADV0286,0,0.0,14.1,0.342,6.8,5
CLI01122,Alta Renda,83,3,7.91,5,0.1077,0,ADV0258,0,0.0,19.0,-0.439,4.0,7
CLI01123,Alta Renda,110,4,7.18,1,0.297,0,ADV0243,1,0.297,15.1,0.101,29.1,2
CLI01124,Alta Renda,131,4,19.85,3,0.1644,0,ADV0197,0,0.0,21.4,0.05,21.2,3
CLI01125,Varejo,19,5,12.9,2,0.1189,0,ADV0165,0,0.0,16.0,-0.173,20.3,3
CLI01126,Varejo,28,6,6.92,1,0.0261,0,ADV0028,0,0.0,11.9,-0.307,36.4,10
CLI01127,Varejo,71,3,12.71,2,0.2006,0,ADV0122,1,0.2006,14.0,0.218,10.7,4
CLI01128,Varejo,63,3,15.96,2,0.5746,0,ADV0112,0,0.0,33.6,0.039,4.3,3
CLI01129,Varejo,73,1,12.2,1,0.0601,0,ADV0078,0,0.0,19.7,0.056,14.0,3
CLI01130,Alta Renda,124,7,17.27,7,0.0128,0,ADV0218,0,0.0,5.9,-0.137,40.7,9
CLI01131,Varejo,119,3,5.02,3,0.1091,1,ADV0149,0,0.0,19.0,-0.149,18.0,1
CLI01132,Varejo,121,2,3.14,1,1.1767,0,ADV0026,1,1.1767,16.5,-0.54,27.7,2
CLI01133,Varejo,19,6,12.59,1,0.7989,0,ADV0067,0,0.0,11.6,-0.05,4.4,4
CLI01134,Alta Renda,142,1,12.66,1,0.0777,0,ADV0206,0,0.0,2.0,0.317,7.6,2
CLI01135,Varejo,120,2,-2.53,4,0.2988,0,ADV0025,0,0.0,6.4,-0.196,24.3,3
CLI01136,Alta Renda,61,5,8.88,6,0.367,0,ADV0255,0,0.0,9.5,-0.335,15.2,5
CLI01137,Varejo,30,4,7.26,6,1.1473,0,ADV0149,0,0.0,40.7,0.096,12.6,3
CLI01138,Varejo,9,5,5.65,0,0.022,0,ADV0145,0,0.0,18.3,0.136,27.5,6
CLI01139,Varejo,64,4,7.25,7,0.0412,1,ADV0178,0,0.0,14.3,-0.24,25.0,7
CLI01140,Alta Renda,120,5,14.0,3,0.0121,0,ADV0247,0,0.0,12.2,-0.077,15.5,6
CLI01141,Varejo,52,3,7.23,2,0.0684,0,ADV0105,0,0.0,30.3,0.058,1.3,5
CLI01142,Alta Renda,89,2,7.37,4,0.6611,0,ADV0204,0,0.0,8.2,-0.034,13.6,3
CLI01143,Varejo,142,4,4.7,1,0.0798,0,ADV0169,0,0.0,25.7,0.22,18.0,8
CLI01144,Varejo,53,1,16.83,1,0.0302,0,ADV0081,0,0.0,3.3,0.536,2.9,5
CLI01145,Alta Renda,78,2,13.33,2,0.2219,0,ADV0263,1,0.2219,0.4,-0.376,17.6,3
CLI01146,Alta Renda,41,1,1.03,0,0.2295,0,ADV0240,0,0.0,28.2,0.271,28.3,7
CLI01147,Alta Renda,68,2,7.37,6,0.0441,1,ADV0199,0,0.0,11.4,-0.143,25.3,2
CLI01148,Alta Renda,8,2,13.72,3,0.0856,0,ADV0254,0,0.0,9.7,0.305,6.2,8
CLI01149,Alta Renda,2,5,16.88,4,0.201,0,ADV0259,0,0.0,15.0,0.159,1.5,7
CLI01150,Alta Renda,105,4,15.03,2,0.436,1,ADV0214,0,0.0,18.5,-0.436,19.7,4
CLI01151,Alta Renda,125,4,10.01,1,0.0711,0,ADV0251,0,0.0,0.8,0.167,3.3,5
CLI01152,Alta Renda,110,7,3.39,0,0.059,0,ADV0211,0,0.0,7.7,-0.087,20.2,3
CLI01153,Alta Renda,86,2,15.16,4,1.9864,0,ADV0205,0,0.0,13.6,-0.17,39.5,4
CLI01154,Varejo,120,3,10.25,0,0.1158,0,ADV0185,1,0.1158,17.8,0.178,7.9,5
CLI01155,Alta Renda,127,3,11.79,3,0.2286,0,ADV0226,0,0.0,5.9,-0.186,11.6,4
CLI01156,Varejo,16,1,10.75,4,0.384,0,ADV0048,0,0.0,11.2,0.141,40.9,3
CLI01157,Alta Renda,62,1,5.81,2,0.0162,0,ADV0263,1,0.0162,8.2,0.007,14.7,4
CLI01158,Alta Renda,113,5,13.03,0,0.1614,0,ADV0260,0,0.0,15.3,-0.512,9.8,2
CLI01159,Varejo,12,2,12.45,1,0.0195,1,ADV0010,0,0.0,31.2,-0.344,28.7,4
CLI01160,Alta Renda,35,1,9.71,1,0.1395,0,ADV0248,0,0.0,10.1,0.074,10.2,5
CLI01161,Varejo,11,1,13.48,4,0.9852,0,ADV0039,0,0.0,3.8,-0.089,7.5,6
CLI01162,Varejo,64,6,5.73,0,0.0451,1,ADV0101,0,0.0,9.4,-0.314,27.1,8
CLI01163,Alta Renda,50,2,10.37,2,0.0189,0,ADV0223,0,0.0,37.7,0.291,27.1,4
CLI01164,Varejo,69,8,11.61,3,1.9232,1,ADV0049,0,0.0,22.0,-0.183,7.6,5
CLI01165,Alta Renda,48,5,4.21,3,0.0372,0,ADV0246,0,0.0,4.6,0.098,15.6,6
CLI01166,Alta Renda,20,1,11.26,2,0.0236,0,ADV0250,0,0.0,9.6,-0.104,11.9,2
CLI01167,Varejo,101,5,14.58,1,1.3563,0,ADV0153,0,0.0,12.2,0.117,13.3,8
CLI01168,Varejo,137,4,10.23,0,0.0354,0,ADV0003,1,0.0354,8.6,0.404,6.2,4
CLI01169,Varejo,68,5,11.36,2,1.4027,0,ADV0087,0,0.0,3.3,-0.162,21.0,3
CLI01170,Varejo,35,8,13.86,3,0.2361,1,ADV0185,1,0.2361,18.1,0.09,38.5,10
CLI01171,Corporate,65,3,9.87,4,0.8773,0,ADV0295,0,0.0,15.3,0.088,7.3,3
CLI01172,Varejo,8,8,10.25,4,0.2105,0,ADV0190,0,0.0,20.9,-0.191,21.0,6
CLI01173,Varejo,45,3,6.56,1,0.6727,0,ADV0078,0,0.0,15.1,0.487,25.4,3
CLI01174,Varejo,87,5,11.44,0,0.0501,1,ADV0190,0,0.0,40.1,0.113,27.9,3
CLI01175,Varejo,76,3,10.09,3,0.0744,1,ADV0162,0,0.0,22.6,0.209,33.0,4
CLI01176,Alta Renda,76,4,13.6,4,0.0106,0,ADV0234,0,0.0,19.1,-0.059,8.0,6
CLI01177,Varejo,47,2,13.87,0,0.5847,1,ADV0033,0,0.0,48.1,-0.622,33.5,3
CLI01178,Alta Renda,15,3,14.82,1,0.2852,0,ADV0229,1,0.2852,14.5,0.037,27.2,3
CLI01179,Varejo,105,3,9.37,4,0.0446,0,ADV0163,0,0.0,11.4,0.348,29.2,6
CLI01180,Wealth,26,5,2.36,2,0.017,0,ADV0288,0,0.0,16.3,-0.068,5.4,6
CLI01181,Varejo,52,4,14.61,5,0.2384,0,ADV0104,0,0.0,1.9,-0.006,18.8,2
CLI01182,Varejo,93,7,13.31,4,1.4604,0,ADV0190,0,0.0,14.5,0.32,8.5,2
CLI01183,Wealth,21,7,8.83,3,0.1382,0,ADV0280,0,0.0,12.2,-0.066,34.9,2
CLI01184,Varejo,51,7,13.83,4,0.0702,0,ADV0032,0,0.0,17.5,0.112,7.4,7
CLI01185,Wealth,38,7,5.42,4,0.0489,0,ADV0281,0,0.0,25.8,0.193,15.9,2
CLI01186,Alta Renda,20,2,15.83,5,0.8387,0,ADV0208,0,0.0,19.5,-0.043,2.2,4
CLI01187,Varejo,132,8,10.1,1,0.06,1,ADV0023,0,0.0,10.5,0.251,19.9,5
CLI01188,Varejo,55,5,8.02,1,0.102,0,ADV0091,1,0.102,23.1,0.145,5.4,4
CLI01189,Alta Renda,92,5,8.89,2,0.6403,0,ADV0214,0,0.0,36.0,-0.088,19.4,5
CLI01190,Varejo,28,6,10.53,2,0.3786,0,ADV0022,0,0.0,26.2,0.179,12.2,5
CLI01191,Varejo,4,4,11.45,2,0.1072,0,ADV0175,0,0.0,4.2,-0.12,10.4,8
CLI01192,Varejo,76,7,11.7,3,0.0666,0,ADV0105,0,0.0,19.3,-0.149,35.5,4
CLI01193,Varejo,67,2,9.7,1,1.111,0,ADV0186,0,0.0,4.8,-0.336,48.6,3
CLI01194,Varejo,86,4,12.34,4,0.0387,1,ADV0016,0,0.0,11.9,-0.299,6.9,4
CLI01195,Alta Renda,91,7,11.53,2,0.1258,0,ADV0260,0,0.0,17.2,-0.179,10.6,6
CLI01196,Corporate,105,2,8.78,0,0.0233,1,ADV0293,0,0.0,24.2,-0.01,35.2,7
CLI01197,Wealth,1,4,8.15,1,0.7753,0,ADV0290,0,0.0,25.9,0.135,17.4,6
CLI01198,Alta Renda,72,5,14.06,4,0.0892,0,ADV0225,0,0.0,36.2,-0.38,22.4,2
CLI01199,Varejo,87,5,13.7,3,0.0666,0,ADV0039,0,0.0,18.3,-0.434,12.8,5
