cliente_id,segmento,churn_prob,churn_real,explicacao
CLI00528,Alta Renda,0.978,1,"Risco de Churn: [ALTO] (97.8%)
  • Variação da cadência de contato (últimos 3 meses): [+] AUMENTA risco (SHAP=+4.3955)
  • Dias desde o último contato com o assessor: [+] AUMENTA risco (SHAP=+0.5268)
  • AuC total sob custódia (R$ milhões): [+] AUMENTA risco (SHAP=+0.3735)"
CLI00090,Alta Renda,0.9686,1,"Risco de Churn: [ALTO] (96.9%)
  • Variação da cadência de contato (últimos 3 meses): [+] AUMENTA risco (SHAP=+5.1298)
  • Quantidade de produtos contratados: [+] AUMENTA risco (SHAP=+0.3146)
  • Dias desde o último contato com o assessor: [+] AUMENTA risco (SHAP=+0.2810)"
CLI00926,Alta Renda,0.9648,1,"Risco de Churn: [ALTO] (96.5%)
  • Variação da cadência de contato (últimos 3 meses): [+] AUMENTA risco (SHAP=+4.2818)
  • Dias desde o último contato com o assessor: [+] AUMENTA risco (SHAP=+0.7270)
  • AuC total sob custódia (R$ milhões): [+] AUMENTA risco (SHAP=+0.6189)"
CLI00764,Alta Renda,0.964,1,"Risco de Churn: [ALTO] (96.4%)
  • Variação da cadência de contato (últimos 3 meses): [+] AUMENTA risco (SHAP=+4.8815)
  • Dias desde o último contato com o assessor: [+] AUMENTA risco (SHAP=+0.4603)
  • AuC total sob custódia (R$ milhões): [+] AUMENTA risco (SHAP=+0.4357)"
CLI01004,Private,0.9639,1,"Risco de Churn: [ALTO] (96.4%)
  • Variação da cadência de contato (últimos 3 meses): [+] AUMENTA risco (SHAP=+4.4949)
  • Tempo médio de resposta do cliente ao assessor: [+] AUMENTA risco (SHAP=+1.0820)
  • AuC total sob custódia (R$ milhões): [+] AUMENTA risco (SHAP=+0.3898)"
CLI00081,Private,0.963,1,"Risco de Churn: [ALTO] (96.3%)
  • Variação da cadência de contato (últimos 3 meses): [+] AUMENTA risco (SHAP=+5.0728)
  • Dias desde o último contato com o assessor: [+] AUMENTA risco (SHAP=+1.2432)
  • Tempo médio de resposta do cliente ao assessor: [-] REDUZ risco (SHAP=-0.7459)"
CLI00213,Alta Renda,0.9376,1,"Risco de Churn: [ALTO] (93.8%)
  • Variação da cadência de contato (últimos 3 meses): [+] AUMENTA risco (SHAP=+5.0958)
  • Dias desde o último contato com o assessor: [+] AUMENTA risco (SHAP=+0.2719)
  • AuC total sob custódia (R$ milhões): [+] AUMENTA risco (SHAP=+0.2128)"
CLI01027,Wealth,0.9275,1,"Risco de Churn: [ALTO] (92.8%)
  • Variação da cadência de contato (últimos 3 meses): [+] AUMENTA risco (SHAP=+4.5531)
  • Dias desde o último contato com o assessor: [+] AUMENTA risco (SHAP=+0.6785)
  • Quantidade de produtos contratados: [+] AUMENTA risco (SHAP=+0.5025)"
CLI00613,Alta Renda,0.9242,1,"Risco de Churn: [ALTO] (92.4%)
  • Variação da cadência de contato (últimos 3 meses): [+] AUMENTA risco (SHAP=+4.4671)
  • Tempo médio de resposta do cliente ao assessor: [+] AUMENTA risco (SHAP=+0.3448)
  • AuC total sob custódia (R$ milhões): [+] AUMENTA risco (SHAP=+0.2886)"
CLI00531,Family Office,0.9231,1,"Risco de Churn: [ALTO] (92.3%)
  • Dias desde o último contato com o assessor: [+] AUMENTA risco (SHAP=+2.6426)
  • Tempo médio de resposta do cliente ao assessor: [+] AUMENTA risco (SHAP=+1.9577)
  • Variação da cadência de contato (últimos 3 meses): [+] AUMENTA risco (SHAP=+0.8277)"
CLI00132,Alta Renda,0.9215,1,"Risco de Churn: [ALTO] (92.2%)
  • Variação da cadência de contato (últimos 3 meses): [+] AUMENTA risco (SHAP=+4.6402)
  • AuC total sob custódia (R$ milhões): [+] AUMENTA risco (SHAP=+0.5992)
  • Dias desde o último contato com o assessor: [-] REDUZ risco (SHAP=-0.4958)"
CLI00639,Alta Renda,0.9182,1,"Risco de Churn: [ALTO] (91.8%)
  • Variação da cadência de contato (últimos 3 meses): [+] AUMENTA risco (SHAP=+5.2846)
  • Dias desde o último contato com o assessor: [+] AUMENTA risco (SHAP=+0.4275)
  • AuC total sob custódia (R$ milhões): [-] REDUZ risco (SHAP=-0.3752)"
CLI00838,Private,0.9099,1,"Risco de Churn: [ALTO] (91.0%)
  • Variação da cadência de contato (últimos 3 meses): [+] AUMENTA risco (SHAP=+3.9095)
  • Tempo médio de resposta do cliente ao assessor: [+] AUMENTA risco (SHAP=+0.5564)
  • Dias desde o último contato com o assessor: [+] AUMENTA risco (SHAP=+0.4208)"
CLI00920,Wealth,0.9021,1,"Risco de Churn: [ALTO] (90.2%)
  • Variação da cadência de contato (últimos 3 meses): [+] AUMENTA risco (SHAP=+4.7058)
  • Dias desde o último contato com o assessor: [+] AUMENTA risco (SHAP=+0.5257)
  • AuC total sob custódia (R$ milhões): [-] REDUZ risco (SHAP=-0.5199)"
CLI00601,Alta Renda,0.8941,1,"Risco de Churn: [ALTO] (89.4%)
  • Variação da cadência de contato (últimos 3 meses): [+] AUMENTA risco (SHAP=+1.9130)
  • Dias desde o último contato com o assessor: [+] AUMENTA risco (SHAP=+1.6862)
  • Quantidade de produtos contratados: [+] AUMENTA risco (SHAP=+0.4548)"
CLI00311,Alta Renda,0.8745,1,"Risco de Churn: [ALTO] (87.5%)
  • Variação da cadência de contato (últimos 3 meses): [+] AUMENTA risco (SHAP=+1.9807)
  • Dias desde o último contato com o assessor: [+] AUMENTA risco (SHAP=+1.5489)
  • AuC total sob custódia (R$ milhões): [+] AUMENTA risco (SHAP=+0.7390)"
CLI00229,Private,0.8648,1,"Risco de Churn: [ALTO] (86.5%)
  • Tempo médio de resposta do cliente ao assessor: [+] AUMENTA risco (SHAP=+2.9186)
  • Variação da cadência de contato (últimos 3 meses): [+] AUMENTA risco (SHAP=+1.4441)
  • AuC total sob custódia (R$ milhões): [+] AUMENTA risco (SHAP=+0.6590)"
CLI00201,Alta Renda,0.8645,1,"Risco de Churn: [ALTO] (86.5%)
  • Variação da cadência de contato (últimos 3 meses): [+] AUMENTA risco (SHAP=+2.1451)
  • Dias desde o último contato com o assessor: [+] AUMENTA risco (SHAP=+1.6324)
  • Tempo médio de resposta do cliente ao assessor: [+] AUMENTA risco (SHAP=+0.6638)"
CLI00000,Alta Renda,0.8615,1,"Risco de Churn: [ALTO] (86.2%)
  • Variação da cadência de contato (últimos 3 meses): [+] AUMENTA risco (SHAP=+1.8238)
  • Dias desde o último contato com o assessor: [+] AUMENTA risco (SHAP=+1.4887)
  • Quantidade de produtos contratados: [+] AUMENTA risco (SHAP=+0.3078)"
CLI00330,Alta Renda,0.8549,1,"Risco de Churn: [ALTO] (85.5%)
  • Dias desde o último contato com o assessor: [+] AUMENTA risco (SHAP=+2.1906)
  • Tempo médio de resposta do cliente ao assessor: [+] AUMENTA risco (SHAP=+1.4166)
  • Tempo como cliente (meses): [+] AUMENTA risco (SHAP=+0.3382)"
CLI00497,Alta Renda,0.849,1,"Risco de Churn: [ALTO] (84.9%)
  • Dias desde o último contato com o assessor: [+] AUMENTA risco (SHAP=+1.8024)
  • Variação da cadência de contato (últimos 3 meses): [+] AUMENTA risco (SHAP=+1.6265)
  • Tempo médio de resposta do cliente ao assessor: [+] AUMENTA risco (SHAP=+0.9024)"
CLI00527,Alta Renda,0.8469,1,"Risco de Churn: [ALTO] (84.7%)
  • Variação da cadência de contato (últimos 3 meses): [+] AUMENTA risco (SHAP=+2.7634)
  • Tempo médio de resposta do cliente ao assessor: [+] AUMENTA risco (SHAP=+0.8086)
  • Score de engajamento do cliente: [+] AUMENTA risco (SHAP=+0.3956)"
CLI00917,Wealth,0.8405,1,"Risco de Churn: [ALTO] (84.0%)
  • Variação da cadência de contato (últimos 3 meses): [+] AUMENTA risco (SHAP=+1.5982)
  • Retorno da carteira nos últimos 12 meses: [+] AUMENTA risco (SHAP=+1.5807)
  • Retorno relativo ao benchmark de mercado: [+] AUMENTA risco (SHAP=+1.2703)"
CLI00514,Alta Renda,0.8356,1,"Risco de Churn: [ALTO] (83.6%)
  • Dias desde o último contato com o assessor: [+] AUMENTA risco (SHAP=+1.6442)
  • Tempo médio de resposta do cliente ao assessor: [+] AUMENTA risco (SHAP=+1.4422)
  • Variação da cadência de contato (últimos 3 meses): [+] AUMENTA risco (SHAP=+0.8599)"
CLI01157,Wealth,0.8347,1,"Risco de Churn: [ALTO] (83.5%)
  • Variação da cadência de contato (últimos 3 meses): [+] AUMENTA risco (SHAP=+4.9632)
  • AuC total sob custódia (R$ milhões): [-] REDUZ risco (SHAP=-0.3594)
  • Dias desde o último contato com o assessor: [+] AUMENTA risco (SHAP=+0.2083)"
CLI00545,Alta Renda,0.8345,1,"Risco de Churn: [ALTO] (83.5%)
  • Tempo médio de resposta do cliente ao assessor: [+] AUMENTA risco (SHAP=+3.0323)
  • Variação da cadência de contato (últimos 3 meses): [+] AUMENTA risco (SHAP=+1.6193)
  • Dias desde o último contato com o assessor: [-] REDUZ risco (SHAP=-0.2051)"
CLI00884,Private,0.8335,1,"Risco de Churn: [ALTO] (83.4%)
  • Dias desde o último contato com o assessor: [+] AUMENTA risco (SHAP=+2.2075)
  • Tempo médio de resposta do cliente ao assessor: [+] AUMENTA risco (SHAP=+1.5760)
  • Retorno relativo ao benchmark de mercado: [+] AUMENTA risco (SHAP=+0.2988)"
CLI01046,Alta Renda,0.8277,1,"Risco de Churn: [ALTO] (82.8%)
  • Dias desde o último contato com o assessor: [+] AUMENTA risco (SHAP=+1.5345)
  • Variação da cadência de contato (últimos 3 meses): [+] AUMENTA risco (SHAP=+1.4509)
  • Score de engajamento do cliente: [+] AUMENTA risco (SHAP=+0.8630)"
CLI01129,Alta Renda,0.8269,1,"Risco de Churn: [ALTO] (82.7%)
  • Dias desde o último contato com o assessor: [+] AUMENTA risco (SHAP=+1.7340)
  • Variação da cadência de contato (últimos 3 meses): [+] AUMENTA risco (SHAP=+1.7083)
  • AuC total sob custódia (R$ milhões): [+] AUMENTA risco (SHAP=+0.3961)"
CLI00995,Alta Renda,0.8259,1,"Risco de Churn: [ALTO] (82.6%)
  • Tempo médio de resposta do cliente ao assessor: [+] AUMENTA risco (SHAP=+1.7563)
  • Variação da cadência de contato (últimos 3 meses): [+] AUMENTA risco (SHAP=+1.4729)
  • AuC total sob custódia (R$ milhões): [+] AUMENTA risco (SHAP=+0.6952)"
CLI00688,Private,0.8214,1,"Risco de Churn: [ALTO] (82.1%)
  • Dias desde o último contato com o assessor: [+] AUMENTA risco (SHAP=+1.8038)
  • Variação da cadência de contato (últimos 3 meses): [+] AUMENTA risco (SHAP=+1.6893)
  • Retorno da carteira nos últimos 12 meses: [+] AUMENTA risco (SHAP=+0.5899)"
CLI00505,Alta Renda,0.815,1,"Risco de Churn: [ALTO] (81.5%)
  • Dias desde o último contato com o assessor: [+] AUMENTA risco (SHAP=+1.6739)
  • Variação da cadência de contato (últimos 3 meses): [+] AUMENTA risco (SHAP=+1.3570)
  • AuC total sob custódia (R$ milhões): [+] AUMENTA risco (SHAP=+1.1103)"
CLI00018,Alta Renda,0.8143,1,"Risco de Churn: [ALTO] (81.4%)
  • Dias desde o último contato com o assessor: [+] AUMENTA risco (SHAP=+2.7769)
  • Tempo médio de resposta do cliente ao assessor: [+] AUMENTA risco (SHAP=+1.6334)
  • Retorno relativo ao benchmark de mercado: [-] REDUZ risco (SHAP=-0.4173)"
CLI01002,Wealth,0.8067,1,"Risco de Churn: [ALTO] (80.7%)
  • Tempo médio de resposta do cliente ao assessor: [+] AUMENTA risco (SHAP=+3.7308)
  • Retorno relativo ao benchmark de mercado: [+] AUMENTA risco (SHAP=+0.2578)
  • Variação da cadência de contato (últimos 3 meses): [+] AUMENTA risco (SHAP=+0.2175)"
CLI00384,Private,0.8044,1,"Risco de Churn: [ALTO] (80.4%)
  • Dias desde o último contato com o assessor: [+] AUMENTA risco (SHAP=+1.9793)
  • Tempo médio de resposta do cliente ao assessor: [+] AUMENTA risco (SHAP=+1.5549)
  • Score de engajamento do cliente: [+] AUMENTA risco (SHAP=+0.3203)"
CLI00269,Alta Renda,0.7992,1,"Risco de Churn: [ALTO] (79.9%)
  • Variação da cadência de contato (últimos 3 meses): [+] AUMENTA risco (SHAP=+1.5959)
  • Dias desde o último contato com o assessor: [+] AUMENTA risco (SHAP=+1.4139)
  • Tempo médio de resposta do cliente ao assessor: [+] AUMENTA risco (SHAP=+0.4842)"
CLI00158,Alta Renda,0.7959,1,"Risco de Churn: [ALTO] (79.6%)
  • Dias desde o último contato com o assessor: [+] AUMENTA risco (SHAP=+1.8504)
  • Variação da cadência de contato (últimos 3 meses): [+] AUMENTA risco (SHAP=+1.7839)
  • Score de engajamento do cliente: [+] AUMENTA risco (SHAP=+0.2207)"
CLI00701,Alta Renda,0.7905,1,"Risco de Churn: [ALTO] (79.0%)
  • Variação da cadência de contato (últimos 3 meses): [+] AUMENTA risco (SHAP=+1.2435)
  • Tempo médio de resposta do cliente ao assessor: [+] AUMENTA risco (SHAP=+1.1506)
  • Quantidade de produtos contratados: [+] AUMENTA risco (SHAP=+0.5605)"
CLI00840,Alta Renda,0.7884,1,"Risco de Churn: [ALTO] (78.8%)
  • Variação da cadência de contato (últimos 3 meses): [+] AUMENTA risco (SHAP=+1.9407)
  • Dias desde o último contato com o assessor: [+] AUMENTA risco (SHAP=+1.4937)
  • Retorno da carteira nos últimos 12 meses: [+] AUMENTA risco (SHAP=+0.2450)"
CLI00756,Private,0.788,1,"Risco de Churn: [ALTO] (78.8%)
  • Dias desde o último contato com o assessor: [+] AUMENTA risco (SHAP=+1.5683)
  • Tempo médio de resposta do cliente ao assessor: [+] AUMENTA risco (SHAP=+1.2766)
  • Variação da cadência de contato (últimos 3 meses): [+] AUMENTA risco (SHAP=+0.5032)"
CLI00102,Alta Renda,0.7833,1,"Risco de Churn: [ALTO] (78.3%)
  • Dias desde o último contato com o assessor: [+] AUMENTA risco (SHAP=+2.6035)
  • Tempo médio de resposta do cliente ao assessor: [+] AUMENTA risco (SHAP=+1.5406)
  • AuC total sob custódia (R$ milhões): [+] AUMENTA risco (SHAP=+0.4466)"
CLI00275,Private,0.7826,1,"Risco de Churn: [ALTO] (78.3%)
  • Tempo médio de resposta do cliente ao assessor: [+] AUMENTA risco (SHAP=+3.9966)
  • Tempo como cliente (meses): [+] AUMENTA risco (SHAP=+0.1833)
  • AuC total sob custódia (R$ milhões): [-] REDUZ risco (SHAP=-0.1669)"
CLI00561,Alta Renda,0.77,1,"Risco de Churn: [ALTO] (77.0%)
  • Dias desde o último contato com o assessor: [+] AUMENTA risco (SHAP=+1.6709)
  • Variação da cadência de contato (últimos 3 meses): [+] AUMENTA risco (SHAP=+1.1634)
  • AuC total sob custódia (R$ milhões): [+] AUMENTA risco (SHAP=+0.4284)"
CLI00101,Private,0.7666,1,"Risco de Churn: [ALTO] (76.7%)
  • Variação da cadência de contato (últimos 3 meses): [+] AUMENTA risco (SHAP=+2.5056)
  • Dias desde o último contato com o assessor: [+] AUMENTA risco (SHAP=+1.2262)
  • AuC total sob custódia (R$ milhões): [+] AUMENTA risco (SHAP=+0.5153)"
CLI00878,Alta Renda,0.7655,1,"Risco de Churn: [ALTO] (76.5%)
  • Score de engajamento do cliente: [+] AUMENTA risco (SHAP=+1.7484)
  • Tempo médio de resposta do cliente ao assessor: [+] AUMENTA risco (SHAP=+1.5975)
  • Dias desde o último contato com o assessor: [+] AUMENTA risco (SHAP=+0.5702)"
CLI00796,Wealth,0.763,1,"Risco de Churn: [ALTO] (76.3%)
  • Tempo médio de resposta do cliente ao assessor: [+] AUMENTA risco (SHAP=+4.0591)
  • Tempo como cliente (meses): [+] AUMENTA risco (SHAP=+0.2115)
  • Score de engajamento do cliente: [-] REDUZ risco (SHAP=-0.1924)"
CLI00595,Private,0.7624,1,"Risco de Churn: [ALTO] (76.2%)
  • Variação da cadência de contato (últimos 3 meses): [+] AUMENTA risco (SHAP=+1.7262)
  • Dias desde o último contato com o assessor: [+] AUMENTA risco (SHAP=+0.7241)
  • Retorno da carteira nos últimos 12 meses: [+] AUMENTA risco (SHAP=+0.5213)"
CLI00300,Alta Renda,0.7622,1,"Risco de Churn: [ALTO] (76.2%)
  • Dias desde o último contato com o assessor: [+] AUMENTA risco (SHAP=+1.9396)
  • Tempo médio de resposta do cliente ao assessor: [+] AUMENTA risco (SHAP=+1.2699)
  • AuC total sob custódia (R$ milhões): [+] AUMENTA risco (SHAP=+0.2862)"
CLI01034,Alta Renda,0.7606,1,"Risco de Churn: [ALTO] (76.1%)
  • Dias desde o último contato com o assessor: [+] AUMENTA risco (SHAP=+1.7492)
  • Variação da cadência de contato (últimos 3 meses): [+] AUMENTA risco (SHAP=+1.4527)
  • AuC total sob custódia (R$ milhões): [+] AUMENTA risco (SHAP=+1.0977)"
CLI00666,Alta Renda,0.7574,1,"Risco de Churn: [ALTO] (75.7%)
  • Variação da cadência de contato (últimos 3 meses): [+] AUMENTA risco (SHAP=+2.0918)
  • Tempo médio de resposta do cliente ao assessor: [+] AUMENTA risco (SHAP=+0.6696)
  • AuC total sob custódia (R$ milhões): [+] AUMENTA risco (SHAP=+0.5219)"
CLI00331,Private,0.7559,1,"Risco de Churn: [ALTO] (75.6%)
  • Dias desde o último contato com o assessor: [+] AUMENTA risco (SHAP=+2.2249)
  • Tempo médio de resposta do cliente ao assessor: [+] AUMENTA risco (SHAP=+1.2725)
  • Intensidade relativa de movimentação: [+] AUMENTA risco (SHAP=+0.3633)"
CLI00421,Private,0.7556,1,"Risco de Churn: [ALTO] (75.6%)
  • Tempo como cliente (meses): [+] AUMENTA risco (SHAP=+2.7716)
  • Quantidade de produtos contratados: [+] AUMENTA risco (SHAP=+0.4141)
  • Tempo médio de resposta do cliente ao assessor: [+] AUMENTA risco (SHAP=+0.3888)"
CLI00019,Alta Renda,0.7483,1,"Risco de Churn: [ALTO] (74.8%)
  • Tempo médio de resposta do cliente ao assessor: [+] AUMENTA risco (SHAP=+1.1935)
  • AuC total sob custódia (R$ milhões): [+] AUMENTA risco (SHAP=+0.8632)
  • Quantidade de produtos contratados: [+] AUMENTA risco (SHAP=+0.4947)"
CLI00832,Alta Renda,0.7459,1,"Risco de Churn: [ALTO] (74.6%)
  • Variação da cadência de contato (últimos 3 meses): [+] AUMENTA risco (SHAP=+1.2721)
  • AuC total sob custódia (R$ milhões): [+] AUMENTA risco (SHAP=+1.1016)
  • Intensidade relativa de movimentação: [+] AUMENTA risco (SHAP=+0.7382)"
CLI00777,Private,0.7441,1,"Risco de Churn: [ALTO] (74.4%)
  • Dias desde o último contato com o assessor: [+] AUMENTA risco (SHAP=+1.7368)
  • Tempo médio de resposta do cliente ao assessor: [+] AUMENTA risco (SHAP=+1.1731)
  • Retorno da carteira nos últimos 12 meses: [+] AUMENTA risco (SHAP=+0.4471)"
CLI00957,Alta Renda,0.7401,1,"Risco de Churn: [ALTO] (74.0%)
  • Variação da cadência de contato (últimos 3 meses): [+] AUMENTA risco (SHAP=+1.7293)
  • Dias desde o último contato com o assessor: [+] AUMENTA risco (SHAP=+0.5962)
  • AuC total sob custódia (R$ milhões): [+] AUMENTA risco (SHAP=+0.5279)"
CLI00663,Alta Renda,0.7398,1,"Risco de Churn: [ALTO] (74.0%)
  • Variação da cadência de contato (últimos 3 meses): [+] AUMENTA risco (SHAP=+1.7341)
  • Tempo médio de resposta do cliente ao assessor: [+] AUMENTA risco (SHAP=+0.8369)
  • AuC total sob custódia (R$ milhões): [+] AUMENTA risco (SHAP=+0.7020)"
CLI01108,Private,0.7391,1,"Risco de Churn: [ALTO] (73.9%)
  • Dias desde o último contato com o assessor: [+] AUMENTA risco (SHAP=+1.1388)
  • AuC total sob custódia (R$ milhões): [+] AUMENTA risco (SHAP=+0.9642)
  • Tempo como cliente (meses): [+] AUMENTA risco (SHAP=+0.4647)"
CLI00576,Alta Renda,0.7357,1,"Risco de Churn: [ALTO] (73.6%)
  • Tempo médio de resposta do cliente ao assessor: [+] AUMENTA risco (SHAP=+2.1531)
  • Quantidade de produtos contratados: [+] AUMENTA risco (SHAP=+0.7451)
  • Dias desde o último contato com o assessor: [+] AUMENTA risco (SHAP=+0.5209)"
CLI00168,Alta Renda,0.733,1,"Risco de Churn: [ALTO] (73.3%)
  • Dias desde o último contato com o assessor: [+] AUMENTA risco (SHAP=+1.7274)
  • Variação da cadência de contato (últimos 3 meses): [+] AUMENTA risco (SHAP=+1.6440)
  • AuC total sob custódia (R$ milhões): [+] AUMENTA risco (SHAP=+0.5404)"
CLI00641,Alta Renda,0.7287,1,"Risco de Churn: [ALTO] (72.9%)
  • Dias desde o último contato com o assessor: [+] AUMENTA risco (SHAP=+1.6676)
  • AuC total sob custódia (R$ milhões): [+] AUMENTA risco (SHAP=+0.7675)
  • Variação da cadência de contato (últimos 3 meses): [+] AUMENTA risco (SHAP=+0.5209)"
CLI00968,Private,0.7194,1,"Risco de Churn: [ALTO] (71.9%)
  • Dias desde o último contato com o assessor: [+] AUMENTA risco (SHAP=+1.4658)
  • Variação da cadência de contato (últimos 3 meses): [+] AUMENTA risco (SHAP=+1.1732)
  • Tempo médio de resposta do cliente ao assessor: [+] AUMENTA risco (SHAP=+0.9290)"
CLI00578,Private,0.7188,1,"Risco de Churn: [ALTO] (71.9%)
  • Tempo médio de resposta do cliente ao assessor: [+] AUMENTA risco (SHAP=+1.4290)
  • AuC total sob custódia (R$ milhões): [+] AUMENTA risco (SHAP=+0.7823)
  • Intensidade relativa de movimentação: [+] AUMENTA risco (SHAP=+0.5570)"
CLI00144,Alta Renda,0.7156,1,"Risco de Churn: [ALTO] (71.6%)
  • Variação da cadência de contato (últimos 3 meses): [+] AUMENTA risco (SHAP=+1.5268)
  • Tempo médio de resposta do cliente ao assessor: [+] AUMENTA risco (SHAP=+1.2606)
  • Dias desde o último contato com o assessor: [+] AUMENTA risco (SHAP=+0.4097)"
CLI00769,Private,0.6991,1,"Risco de Churn: [ALTO] (69.9%)
  • Dias desde o último contato com o assessor: [+] AUMENTA risco (SHAP=+1.4649)
  • Retorno da carteira nos últimos 12 meses: [+] AUMENTA risco (SHAP=+0.7348)
  • Variação da cadência de contato (últimos 3 meses): [+] AUMENTA risco (SHAP=+0.4561)"
CLI00887,Alta Renda,0.6978,1,"Risco de Churn: [ALTO] (69.8%)
  • Variação da cadência de contato (últimos 3 meses): [+] AUMENTA risco (SHAP=+1.7615)
  • Tempo médio de resposta do cliente ao assessor: [+] AUMENTA risco (SHAP=+1.1823)
  • AuC total sob custódia (R$ milhões): [+] AUMENTA risco (SHAP=+0.5245)"
CLI01137,Private,0.6932,1,"Risco de Churn: [ALTO] (69.3%)
  • Dias desde o último contato com o assessor: [+] AUMENTA risco (SHAP=+1.8560)
  • Tempo médio de resposta do cliente ao assessor: [+] AUMENTA risco (SHAP=+1.5620)
  • AuC total sob custódia (R$ milhões): [+] AUMENTA risco (SHAP=+0.3301)"
CLI00802,Private,0.6919,1,"Risco de Churn: [ALTO] (69.2%)
  • Dias desde o último contato com o assessor: [+] AUMENTA risco (SHAP=+1.3840)
  • Tempo médio de resposta do cliente ao assessor: [+] AUMENTA risco (SHAP=+1.1748)
  • AuC total sob custódia (R$ milhões): [+] AUMENTA risco (SHAP=+0.6109)"
CLI00981,Private,0.6805,1,"Risco de Churn: [ALTO] (68.0%)
  • Dias desde o último contato com o assessor: [+] AUMENTA risco (SHAP=+2.0624)
  • Tempo médio de resposta do cliente ao assessor: [+] AUMENTA risco (SHAP=+1.3658)
  • Variação da cadência de contato (últimos 3 meses): [+] AUMENTA risco (SHAP=+0.3125)"
CLI00450,Private,0.6789,1,"Risco de Churn: [ALTO] (67.9%)
  • Dias desde o último contato com o assessor: [+] AUMENTA risco (SHAP=+1.4862)
  • Tempo médio de resposta do cliente ao assessor: [+] AUMENTA risco (SHAP=+1.1068)
  • Variação da cadência de contato (últimos 3 meses): [+] AUMENTA risco (SHAP=+0.6072)"
CLI00006,Alta Renda,0.6761,1,"Risco de Churn: [ALTO] (67.6%)
  • Tempo médio de resposta do cliente ao assessor: [+] AUMENTA risco (SHAP=+2.9832)
  • Score de engajamento do cliente: [+] AUMENTA risco (SHAP=+0.3592)
  • Tempo como cliente (meses): [+] AUMENTA risco (SHAP=+0.1687)"
CLI00010,Alta Renda,0.6698,1,"Risco de Churn: [ALTO] (67.0%)
  • Tempo médio de resposta do cliente ao assessor: [+] AUMENTA risco (SHAP=+1.3772)
  • Tempo como cliente (meses): [+] AUMENTA risco (SHAP=+0.6142)
  • Intensidade relativa de movimentação: [+] AUMENTA risco (SHAP=+0.5323)"
CLI00279,Private,0.6625,1,"Risco de Churn: [ALTO] (66.2%)
  • Tempo médio de resposta do cliente ao assessor: [+] AUMENTA risco (SHAP=+1.4753)
  • AuC total sob custódia (R$ milhões): [+] AUMENTA risco (SHAP=+0.8724)
  • Dias desde o último contato com o assessor: [+] AUMENTA risco (SHAP=+0.4778)"
CLI00360,Alta Renda,0.6607,1,"Risco de Churn: [ALTO] (66.1%)
  • Variação da cadência de contato (últimos 3 meses): [+] AUMENTA risco (SHAP=+3.5592)
  • Dias desde o último contato com o assessor: [-] REDUZ risco (SHAP=-0.4761)
  • AuC total sob custódia (R$ milhões): [+] AUMENTA risco (SHAP=+0.3626)"
CLI00562,Alta Renda,0.6557,1,"Risco de Churn: [ALTO] (65.6%)
  • Dias desde o último contato com o assessor: [+] AUMENTA risco (SHAP=+1.4034)
  • Retorno relativo ao benchmark de mercado: [+] AUMENTA risco (SHAP=+0.7120)
  • AuC total sob custódia (R$ milhões): [+] AUMENTA risco (SHAP=+0.6532)"
CLI00978,Private,0.653,1,"Risco de Churn: [ALTO] (65.3%)
  • Retorno da carteira nos últimos 12 meses: [+] AUMENTA risco (SHAP=+1.4806)
  • Score de engajamento do cliente: [+] AUMENTA risco (SHAP=+1.0439)
  • Retorno relativo ao benchmark de mercado: [+] AUMENTA risco (SHAP=+0.8409)"
CLI00512,Wealth,0.6475,1,"Risco de Churn: [ALTO] (64.8%)
  • Dias desde o último contato com o assessor: [+] AUMENTA risco (SHAP=+1.8477)
  • Tempo médio de resposta do cliente ao assessor: [+] AUMENTA risco (SHAP=+1.3191)
  • Retorno da carteira nos últimos 12 meses: [+] AUMENTA risco (SHAP=+0.4702)"
CLI00459,Alta Renda,0.6466,1,"Risco de Churn: [ALTO] (64.7%)
  • Dias desde o último contato com o assessor: [+] AUMENTA risco (SHAP=+1.8374)
  • AuC total sob custódia (R$ milhões): [+] AUMENTA risco (SHAP=+0.7166)
  • Score de engajamento do cliente: [+] AUMENTA risco (SHAP=+0.3595)"
CLI00989,Private,0.6388,1,"Risco de Churn: [ALTO] (63.9%)
  • Variação da cadência de contato (últimos 3 meses): [+] AUMENTA risco (SHAP=+1.8773)
  • Retorno da carteira nos últimos 12 meses: [+] AUMENTA risco (SHAP=+1.0468)
  • Retorno relativo ao benchmark de mercado: [+] AUMENTA risco (SHAP=+0.5746)"
CLI00393,Private,0.6317,1,"Risco de Churn: [ALTO] (63.2%)
  • Dias desde o último contato com o assessor: [+] AUMENTA risco (SHAP=+1.4870)
  • Tempo médio de resposta do cliente ao assessor: [+] AUMENTA risco (SHAP=+1.4303)
  • Retorno da carteira nos últimos 12 meses: [+] AUMENTA risco (SHAP=+0.5366)"
CLI00073,Private,0.6158,1,"Risco de Churn: [ALTO] (61.6%)
  • Dias desde o último contato com o assessor: [+] AUMENTA risco (SHAP=+1.6941)
  • Intensidade relativa de movimentação: [+] AUMENTA risco (SHAP=+0.5695)
  • Quantidade de produtos contratados: [+] AUMENTA risco (SHAP=+0.4984)"
CLI00049,Alta Renda,0.6054,1,"Risco de Churn: [ALTO] (60.5%)
  • Dias desde o último contato com o assessor: [+] AUMENTA risco (SHAP=+1.8583)
  • Tempo médio de resposta do cliente ao assessor: [+] AUMENTA risco (SHAP=+1.2701)
  • AuC total sob custódia (R$ milhões): [+] AUMENTA risco (SHAP=+0.3870)"
CLI01180,Family Office,0.6008,1,"Risco de Churn: [ALTO] (60.1%)
  • Variação da cadência de contato (últimos 3 meses): [+] AUMENTA risco (SHAP=+1.8815)
  • Intensidade relativa de movimentação: [+] AUMENTA risco (SHAP=+0.6852)
  • Quantidade de produtos contratados: [+] AUMENTA risco (SHAP=+0.5286)"
CLI00067,Private,0.6001,1,"Risco de Churn: [ALTO] (60.0%)
  • Dias desde o último contato com o assessor: [+] AUMENTA risco (SHAP=+1.8712)
  • Tempo médio de resposta do cliente ao assessor: [+] AUMENTA risco (SHAP=+1.1107)
  • Variação da cadência de contato (últimos 3 meses): [+] AUMENTA risco (SHAP=+0.2645)"
CLI01013,Alta Renda,0.5999,1,"Risco de Churn: [MEDIO] (60.0%)
  • Variação da cadência de contato (últimos 3 meses): [+] AUMENTA risco (SHAP=+1.4508)
  • AuC total sob custódia (R$ milhões): [+] AUMENTA risco (SHAP=+1.1099)
  • Tempo médio de resposta do cliente ao assessor: [+] AUMENTA risco (SHAP=+0.9089)"
CLI00435,Private,0.5936,1,"Risco de Churn: [MEDIO] (59.4%)
  • Dias desde o último contato com o assessor: [+] AUMENTA risco (SHAP=+1.6162)
  • Tempo médio de resposta do cliente ao assessor: [+] AUMENTA risco (SHAP=+1.3484)
  • Quantidade de produtos contratados: [+] AUMENTA risco (SHAP=+0.2407)"
CLI00128,Alta Renda,0.5874,0,"Risco de Churn: [MEDIO] (58.7%)
  • Dias desde o último contato com o assessor: [+] AUMENTA risco (SHAP=+1.5721)
  • Variação da cadência de contato (últimos 3 meses): [+] AUMENTA risco (SHAP=+1.2950)
  • AuC total sob custódia (R$ milhões): [+] AUMENTA risco (SHAP=+0.5119)"
CLI01127,Alta Renda,0.587,1,"Risco de Churn: [MEDIO] (58.7%)
  • Retorno da carteira nos últimos 12 meses: [+] AUMENTA risco (SHAP=+1.1800)
  • Retorno relativo ao benchmark de mercado: [+] AUMENTA risco (SHAP=+0.6406)
  • Variação da cadência de contato (últimos 3 meses): [+] AUMENTA risco (SHAP=+0.4179)"
CLI00599,Alta Renda,0.5863,1,"Risco de Churn: [MEDIO] (58.6%)
  • Variação da cadência de contato (últimos 3 meses): [+] AUMENTA risco (SHAP=+1.7279)
  • Dias desde o último contato com o assessor: [+] AUMENTA risco (SHAP=+0.6210)
  • AuC total sob custódia (R$ milhões): [+] AUMENTA risco (SHAP=+0.4727)"
CLI00861,Private,0.5854,1,"Risco de Churn: [MEDIO] (58.5%)
  • Dias desde o último contato com o assessor: [+] AUMENTA risco (SHAP=+1.6564)
  • Retorno da carteira nos últimos 12 meses: [+] AUMENTA risco (SHAP=+0.6235)
  • Retorno relativo ao benchmark de mercado: [+] AUMENTA risco (SHAP=+0.3800)"
CLI00647,Private,0.5812,1,"Risco de Churn: [MEDIO] (58.1%)
  • Variação da cadência de contato (últimos 3 meses): [+] AUMENTA risco (SHAP=+1.7239)
  • Tempo como cliente (meses): [+] AUMENTA risco (SHAP=+0.6996)
  • Tempo médio de resposta do cliente ao assessor: [+] AUMENTA risco (SHAP=+0.4289)"
CLI00094,Private,0.5786,1,"Risco de Churn: [MEDIO] (57.9%)
  • Retorno da carteira nos últimos 12 meses: [+] AUMENTA risco (SHAP=+1.3518)
  • Variação da cadência de contato (últimos 3 meses): [+] AUMENTA risco (SHAP=+0.8386)
  • Retorno relativo ao benchmark de mercado: [+] AUMENTA risco (SHAP=+0.7812)"
CLI00630,Private,0.5698,1,"Risco de Churn: [MEDIO] (57.0%)
  • Tempo médio de resposta do cliente ao assessor: [+] AUMENTA risco (SHAP=+1.8024)
  • Dias desde o último contato com o assessor: [+] AUMENTA risco (SHAP=+0.6515)
  • Score de engajamento do cliente: [+] AUMENTA risco (SHAP=+0.4811)"
CLI00557,Alta Renda,0.5678,1,"Risco de Churn: [MEDIO] (56.8%)
  • Tempo médio de resposta do cliente ao assessor: [+] AUMENTA risco (SHAP=+0.9815)
  • Tempo como cliente (meses): [+] AUMENTA risco (SHAP=+0.7146)
  • Retorno da carteira nos últimos 12 meses: [+] AUMENTA risco (SHAP=+0.3942)"
CLI01184,Alta Renda,0.5639,1,"Risco de Churn: [MEDIO] (56.4%)
  • Variação da cadência de contato (últimos 3 meses): [+] AUMENTA risco (SHAP=+1.6330)
  • Dias desde o último contato com o assessor: [+] AUMENTA risco (SHAP=+0.5881)
  • AuC total sob custódia (R$ milhões): [+] AUMENTA risco (SHAP=+0.5720)"
CLI00997,Alta Renda,0.5633,1,"Risco de Churn: [MEDIO] (56.3%)
  • Variação da cadência de contato (últimos 3 meses): [+] AUMENTA risco (SHAP=+1.3266)
  • Retorno relativo ao benchmark de mercado: [+] AUMENTA risco (SHAP=+0.5580)
  • Retorno da carteira nos últimos 12 meses: [+] AUMENTA risco (SHAP=+0.4347)"
CLI00856,Alta Renda,0.5513,1,"Risco de Churn: [MEDIO] (55.1%)
  • Score de engajamento do cliente: [+] AUMENTA risco (SHAP=+0.7299)
  • Variação da cadência de contato (últimos 3 meses): [+] AUMENTA risco (SHAP=+0.6868)
  • Quantidade de produtos contratados: [+] AUMENTA risco (SHAP=+0.6232)"
CLI00187,Private,0.5489,1,"Risco de Churn: [MEDIO] (54.9%)
  • Dias desde o último contato com o assessor: [+] AUMENTA risco (SHAP=+1.5523)
  • Quantidade de produtos contratados: [+] AUMENTA risco (SHAP=+0.4266)
  • Retorno da carteira nos últimos 12 meses: [+] AUMENTA risco (SHAP=+0.4128)"
CLI00084,Alta Renda,0.5484,1,"Risco de Churn: [MEDIO] (54.8%)
  • Variação da cadência de contato (últimos 3 meses): [+] AUMENTA risco (SHAP=+1.4104)
  • Dias desde o último contato com o assessor: [+] AUMENTA risco (SHAP=+1.2294)
  • Score de engajamento do cliente: [+] AUMENTA risco (SHAP=+0.2197)"
CLI00131,Alta Renda,0.5427,1,"Risco de Churn: [MEDIO] (54.3%)
  • Variação da cadência de contato (últimos 3 meses): [+] AUMENTA risco (SHAP=+1.1608)
  • Tempo médio de resposta do cliente ao assessor: [+] AUMENTA risco (SHAP=+0.7686)
  • AuC total sob custódia (R$ milhões): [+] AUMENTA risco (SHAP=+0.6697)"
CLI00865,Private,0.5361,1,"Risco de Churn: [MEDIO] (53.6%)
  • Dias desde o último contato com o assessor: [+] AUMENTA risco (SHAP=+1.7249)
  • Variação da cadência de contato (últimos 3 meses): [+] AUMENTA risco (SHAP=+0.4138)
  • AuC total sob custódia (R$ milhões): [+] AUMENTA risco (SHAP=+0.3922)"
CLI01081,Alta Renda,0.5175,1,"Risco de Churn: [MEDIO] (51.7%)
  • Variação da cadência de contato (últimos 3 meses): [+] AUMENTA risco (SHAP=+1.1729)
  • Dias desde o último contato com o assessor: [+] AUMENTA risco (SHAP=+0.7210)
  • AuC total sob custódia (R$ milhões): [+] AUMENTA risco (SHAP=+0.5428)"
CLI00749,Private,0.5174,1,"Risco de Churn: [MEDIO] (51.7%)
  • Quantidade de produtos contratados: [+] AUMENTA risco (SHAP=+1.0068)
  • Tempo médio de resposta do cliente ao assessor: [+] AUMENTA risco (SHAP=+0.8231)
  • Score de engajamento do cliente: [+] AUMENTA risco (SHAP=+0.3381)"
CLI00573,Private,0.5136,1,"Risco de Churn: [MEDIO] (51.4%)
  • Tempo médio de resposta do cliente ao assessor: [+] AUMENTA risco (SHAP=+1.7168)
  • Retorno da carteira nos últimos 12 meses: [+] AUMENTA risco (SHAP=+0.4577)
  • Retorno relativo ao benchmark de mercado: [+] AUMENTA risco (SHAP=+0.2880)"
CLI00057,Alta Renda,0.513,1,"Risco de Churn: [MEDIO] (51.3%)
  • Dias desde o último contato com o assessor: [+] AUMENTA risco (SHAP=+1.7325)
  • AuC total sob custódia (R$ milhões): [+] AUMENTA risco (SHAP=+0.5139)
  • Tempo médio de resposta do cliente ao assessor: [+] AUMENTA risco (SHAP=+0.4392)"
CLI00400,Alta Renda,0.5111,1,"Risco de Churn: [MEDIO] (51.1%)
  • Tempo médio de resposta do cliente ao assessor: [+] AUMENTA risco (SHAP=+0.9758)
  • AuC total sob custódia (R$ milhões): [+] AUMENTA risco (SHAP=+0.5800)
  • Quantidade de produtos contratados: [+] AUMENTA risco (SHAP=+0.2664)"
CLI00691,Alta Renda,0.5066,1,"Risco de Churn: [MEDIO] (50.7%)
  • Dias desde o último contato com o assessor: [+] AUMENTA risco (SHAP=+1.3301)
  • AuC total sob custódia (R$ milhões): [+] AUMENTA risco (SHAP=+0.7561)
  • Tempo médio de resposta do cliente ao assessor: [+] AUMENTA risco (SHAP=+0.5466)"
CLI00826,Alta Renda,0.5018,1,"Risco de Churn: [MEDIO] (50.2%)
  • Tempo médio de resposta do cliente ao assessor: [+] AUMENTA risco (SHAP=+1.6124)
  • Intensidade relativa de movimentação: [+] AUMENTA risco (SHAP=+0.5319)
  • Score de engajamento do cliente: [+] AUMENTA risco (SHAP=+0.3028)"
CLI00206,Alta Renda,0.4952,1,"Risco de Churn: [MEDIO] (49.5%)
  • Variação da cadência de contato (últimos 3 meses): [+] AUMENTA risco (SHAP=+1.7873)
  • Dias desde o último contato com o assessor: [+] AUMENTA risco (SHAP=+0.4679)
  • AuC total sob custódia (R$ milhões): [+] AUMENTA risco (SHAP=+0.2847)"
CLI00114,Private,0.494,1,"Risco de Churn: [MEDIO] (49.4%)
  • Variação da cadência de contato (últimos 3 meses): [+] AUMENTA risco (SHAP=+0.9214)
  • Tempo como cliente (meses): [+] AUMENTA risco (SHAP=+0.4931)
  • Dias desde o último contato com o assessor: [+] AUMENTA risco (SHAP=+0.3098)"
CLI00276,Private,0.489,1,"Risco de Churn: [MEDIO] (48.9%)
  • Tempo médio de resposta do cliente ao assessor: [+] AUMENTA risco (SHAP=+1.0633)
  • Dias desde o último contato com o assessor: [+] AUMENTA risco (SHAP=+1.0476)
  • Score de engajamento do cliente: [+] AUMENTA risco (SHAP=+0.4353)"
CLI00859,Alta Renda,0.4768,1,"Risco de Churn: [MEDIO] (47.7%)
  • Dias desde o último contato com o assessor: [+] AUMENTA risco (SHAP=+1.2931)
  • Tempo médio de resposta do cliente ao assessor: [+] AUMENTA risco (SHAP=+0.6449)
  • Score de engajamento do cliente: [+] AUMENTA risco (SHAP=+0.4313)"
CLI00368,Alta Renda,0.4743,1,"Risco de Churn: [MEDIO] (47.4%)
  • Dias desde o último contato com o assessor: [+] AUMENTA risco (SHAP=+1.6427)
  • AuC total sob custódia (R$ milhões): [+] AUMENTA risco (SHAP=+0.4653)
  • Tempo como cliente (meses): [+] AUMENTA risco (SHAP=+0.4446)"
CLI01112,Alta Renda,0.4712,1,"Risco de Churn: [MEDIO] (47.1%)
  • Dias desde o último contato com o assessor: [+] AUMENTA risco (SHAP=+1.5171)
  • AuC total sob custódia (R$ milhões): [+] AUMENTA risco (SHAP=+0.4795)
  • Score de engajamento do cliente: [+] AUMENTA risco (SHAP=+0.3852)"
CLI00356,Alta Renda,0.4685,1,"Risco de Churn: [MEDIO] (46.9%)
  • Variação da cadência de contato (últimos 3 meses): [+] AUMENTA risco (SHAP=+1.3160)
  • AuC total sob custódia (R$ milhões): [+] AUMENTA risco (SHAP=+0.8856)
  • Dias desde o último contato com o assessor: [+] AUMENTA risco (SHAP=+0.2653)"
CLI00217,Private,0.4629,1,"Risco de Churn: [MEDIO] (46.3%)
  • Tempo médio de resposta do cliente ao assessor: [+] AUMENTA risco (SHAP=+1.1749)
  • AuC total sob custódia (R$ milhões): [+] AUMENTA risco (SHAP=+0.7972)
  • Variação da cadência de contato (últimos 3 meses): [+] AUMENTA risco (SHAP=+0.4388)"
CLI00372,Alta Renda,0.4594,1,"Risco de Churn: [MEDIO] (45.9%)
  • AuC total sob custódia (R$ milhões): [+] AUMENTA risco (SHAP=+0.9380)
  • Tempo como cliente (meses): [+] AUMENTA risco (SHAP=+0.4982)
  • Quantidade de produtos contratados: [+] AUMENTA risco (SHAP=+0.4092)"
CLI00637,Alta Renda,0.4483,1,"Risco de Churn: [MEDIO] (44.8%)
  • Tempo médio de resposta do cliente ao assessor: [+] AUMENTA risco (SHAP=+1.7434)
  • Dias desde o último contato com o assessor: [+] AUMENTA risco (SHAP=+0.5052)
  • AuC total sob custódia (R$ milhões): [+] AUMENTA risco (SHAP=+0.2144)"
CLI00063,Alta Renda,0.4315,1,"Risco de Churn: [MEDIO] (43.1%)
  • Variação da cadência de contato (últimos 3 meses): [+] AUMENTA risco (SHAP=+2.0441)
  • Quantidade de produtos contratados: [+] AUMENTA risco (SHAP=+0.5420)
  • Dias desde o último contato com o assessor: [-] REDUZ risco (SHAP=-0.4069)"
CLI00485,Wealth,0.4237,1,"Risco de Churn: [MEDIO] (42.4%)
  • Tempo médio de resposta do cliente ao assessor: [+] AUMENTA risco (SHAP=+2.0145)
  • Segmento do cliente: [-] REDUZ risco (SHAP=-0.2945)
  • Dias desde o último contato com o assessor: [-] REDUZ risco (SHAP=-0.2745)"
CLI00470,Alta Renda,0.4236,1,"Risco de Churn: [MEDIO] (42.4%)
  • Variação da cadência de contato (últimos 3 meses): [+] AUMENTA risco (SHAP=+1.2577)
  • Tempo médio de resposta do cliente ao assessor: [+] AUMENTA risco (SHAP=+0.7183)
  • Dias desde o último contato com o assessor: [-] REDUZ risco (SHAP=-0.4384)"
CLI00744,Alta Renda,0.4171,1,"Risco de Churn: [MEDIO] (41.7%)
  • Tempo médio de resposta do cliente ao assessor: [+] AUMENTA risco (SHAP=+1.5864)
  • Dias desde o último contato com o assessor: [+] AUMENTA risco (SHAP=+0.9628)
  • Score de engajamento do cliente: [-] REDUZ risco (SHAP=-0.3572)"
CLI00803,Private,0.4163,1,"Risco de Churn: [MEDIO] (41.6%)
  • Tempo médio de resposta do cliente ao assessor: [+] AUMENTA risco (SHAP=+1.9990)
  • Dias desde o último contato com o assessor: [+] AUMENTA risco (SHAP=+0.6109)
  • AuC total sob custódia (R$ milhões): [-] REDUZ risco (SHAP=-0.3731)"
CLI00916,Alta Renda,0.4128,1,"Risco de Churn: [MEDIO] (41.3%)
  • Variação da cadência de contato (últimos 3 meses): [+] AUMENTA risco (SHAP=+0.8566)
  • Score de engajamento do cliente: [+] AUMENTA risco (SHAP=+0.4192)
  • Retorno relativo ao benchmark de mercado: [+] AUMENTA risco (SHAP=+0.2387)"
CLI00564,Alta Renda,0.4037,1,"Risco de Churn: [MEDIO] (40.4%)
  • Intensidade relativa de movimentação: [+] AUMENTA risco (SHAP=+0.6145)
  • AuC total sob custódia (R$ milhões): [+] AUMENTA risco (SHAP=+0.4309)
  • Tempo como cliente (meses): [+] AUMENTA risco (SHAP=+0.3977)"
CLI00196,Private,0.4004,1,"Risco de Churn: [MEDIO] (40.0%)
  • Score de engajamento do cliente: [+] AUMENTA risco (SHAP=+0.9434)
  • Variação da cadência de contato (últimos 3 meses): [+] AUMENTA risco (SHAP=+0.4783)
  • Quantidade de produtos contratados: [+] AUMENTA risco (SHAP=+0.3566)"
CLI00847,Family Office,0.3943,1,"Risco de Churn: [MEDIO] (39.4%)
  • Dias desde o último contato com o assessor: [+] AUMENTA risco (SHAP=+1.8703)
  • Retorno da carteira nos últimos 12 meses: [+] AUMENTA risco (SHAP=+0.4681)
  • Intensidade relativa de movimentação: [+] AUMENTA risco (SHAP=+0.2682)"
CLI00295,Private,0.3843,1,"Risco de Churn: [MEDIO] (38.4%)
  • Tempo médio de resposta do cliente ao assessor: [+] AUMENTA risco (SHAP=+1.0200)
  • Dias desde o último contato com o assessor: [-] REDUZ risco (SHAP=-0.5440)
  • Quantidade de produtos contratados: [+] AUMENTA risco (SHAP=+0.5288)"
